codigo,descripcion,precio_costo,Precio_venta,cod_cole,articulo
21.0,Falda Gris  Talla 6,0,17000.0,7,Falda Gris
1104.0,Polera Pique MC LR Talla 4,,12500.0,1,Polera Azul Manga Corta
1106.0,Polera Pique MC LR Talla 6,0,13000.0,1,Polera Azul Manga Corta
1108.0,Polera Pique MC LR Talla 8,0,14000.0,1,Polera Azul Manga Corta
1110.0,Polera Pique MC LR Talla 10,0,14500.0,1,Polera Azul Manga Corta
1112.0,Polera Pique MC LR Talla 12,0,15000.0,1,Polera Azul Manga Corta
1114.0,Polera Pique MC LR Talla 14,0,15500.0,1,Polera Azul Manga Corta
1116.0,Polera Pique MC LR Talla 16,0,16000.0,1,Polera Azul Manga Corta
1118.0,Polera Pique MC LR Talla S,0,17000.0,1,Polera Azul Manga Corta
1120.0,Polera Pique MC LR Talla M,0,18000.0,1,Polera Azul Manga Corta
1122.0,Polera Pique MC LR Talla  L,0,18500.0,1,Polera Azul Manga Corta
1124.0,Polera Pique MC LR Talla XL,0,19000.0,1,Polera Azul Manga Corta
1126.0,Polera Pique MC LR Talla XXL,0,20000.0,1,Polera Azul Manga Corta
1204.0,Polera Pique ML L R Talla 4,,14000.0,1,Polera Azul Manga Larga
1206.0,Polera Pique ML LR Talla 6,,14500.0,1,Polera Azul Manga Larga
1208.0,Polera Pique ML LR Talla 8,,15000.0,1,Polera Azul Manga Larga
1210.0,Polera Pique ML LR Talla 10,,15490.0,1,Polera Azul Manga Larga
1212.0,Polera Pique ML LR Talla 12,,15490.0,1,Polera Azul Manga Larga
1214.0,Polera Pique ML LR Talla 14,,15990.0,1,Polera Azul Manga Larga
1216.0,Polera Pique ML LR Talla 16,,15990.0,1,Polera Azul Manga Larga
1218.0,Polera Pique ML LR Talla S,,16990.0,1,Polera Azul Manga Larga
1220.0,Polera Pique ML LR Talla M,,16990.0,1,Polera Azul Manga Larga
1222.0,Polera Pique ML LR Talla L,,16990.0,1,Polera Azul Manga Larga
1224.0,Polera Pique ML LR Talla XL,,17500.0,1,Polera Azul Manga Larga
1226.0,Polera Pique ML LR Talla XXL,,18500.0,1,Polera Azul Manga Larga
1304.0,Polera Gris MC LR Talla 4,,4250.0,1,Polera Gris Manga Corta
1306.0,Polera Gris MC L R Talla 6,,4500.0,1,Polera Gris Manga Corta
1308.0,Polera Gris MC LR Talla 8,,4800.0,1,Polera Gris Manga Corta
1310.0,Polera Gris MC LR Talla 10,,5000.0,1,Polera Gris Manga Corta
1312.0,Polera Gris MC LR Talla 12,,5250.0,1,Polera Gris Manga Corta
1314.0,Polera Gris MC LR Talla 14,,5500.0,1,Polera Gris Manga Corta
1316.0,Polera Gris MC LR Talla 16,,5500.0,1,Polera Gris Manga Corta
1318.0,Polera Gris Manga Corta Los Reyes Talla S,,5750.0,1,Polera Gris Manga Corta
1320.0,Polera Gris Manga Corta Los Reyes Talla M,,5750.0,1,Polera Gris Manga Corta
1322.0,Polera Gris Manga Corta Los Reyes Talla L,,6000.0,1,Polera Gris Manga Corta
1324.0,Polera Gris Manga Corta Los Reyes Talla XL,,6000.0,1,Polera Gris Manga Corta
1326.0,Polera Gris Manga Corta Los Reyes Talla XXL,,6000.0,1,Polera Gris Manga Corta
1404.0,Polera Gris Manga Larga Los Reyes   Talla 4,0,6800.0,1,Polera Gris Manga Larga
1406.0,Polera Gris Manga Larga Los Reyes    Talla 6,0,7100.0,1,Polera Gris Manga Larga
1408.0,Polera Gris Manga Larga Los Reyes    Talla 8,0,7350.0,1,Polera Gris Manga Larga
1410.0,Polera Gris Manga Larga Los Reyes   Talla 10,0,7650.0,1,Polera Gris Manga Larga
1412.0,Polera Gris Manga Larga Los Reyes    Talla 12,0,7950.0,1,Polera Gris Manga Larga
1414.0,Polera Gris Manga Larga Los Reyes    Talla 14,0,8200.0,1,Polera Gris Manga Larga
1416.0,Polera Gris Manga Larga Los Reyes    Talla 16,0,8500.0,1,Polera Gris Manga Larga
1418.0,Polera Gris Manga Larga Los Reyes    Talla S,0,8800.0,1,Polera Gris Manga Larga
1420.0,Polera Gris Manga Larga Los Reyes    Talla M,0,8800.0,1,Polera Gris Manga Larga
1422.0,Polera Gris Manga Larga Los Reyes   Talla L,0,9000.0,1,Polera Gris Manga Larga
1424.0,Polera Gris Manga Larga Los Reyes    Talla XL,0,9000.0,1,Polera Gris Manga Larga
1426.0,Polera Gris Manga Larga Los Reyes    Talla XXL,0,9250.0,1,Polera Gris Manga Larga
1504.0,Polerón Azul Los Reyes Talla 4,0,8000.0,1,Polerón Azul
1506.0,Polerón Azul Los Reyes Talla 6,0,8000.0,1,Polerón Azul
1508.0,Polerón Azul Los Reyes Talla 8,0,8500.0,1,Polerón Azul
1510.0,Polerón Azul Los Reyes Talla 10,0,8750.0,1,Polerón Azul
1512.0,Polerón Azul Los Reyes Talla 12,0,9000.0,1,Polerón Azul
1514.0,Polerón Azul Los Reyes Talla 14,0,9250.0,1,Polerón Azul
1516.0,Polerón Azul Los Reyes Talla 16,0,9500.0,1,Polerón Azul
1518.0,Polerón Azul Los Reyes Talla S,0,10000.0,1,Polerón Azul
1520.0,Polerón Azul Los Reyes Talla M,0,10250.0,1,Polerón Azul
1522.0,Polerón Azul Los Reyes Talla L,0,10500.0,1,Polerón Azul
1524.0,Polerón Azul Los Reyes Talla XL,0,11000.0,1,Polerón Azul
1526.0,Polerón Azul Los Reyes Talla XXL,0,11500.0,1,Poleron Azul
1604.0,Polerón Gris Los Reyes Talla 4,,8000.0,1,Polerón Gris
1606.0,Polerón Gris Los Reyes Talla 6,,8000.0,1,Polerón Gris
1608.0,Polerón Gris Los Reyes Talla 8,,8500.0,1,Polerón Gris
1610.0,Polerón Gris Los Reyes Talla 10,,8750.0,1,Polerón Gris
1612.0,Polerón Gris Los Reyes Talla 12,,9000.0,1,Polerón Gris
1614.0,Polerón Gris Los Reyes Talla 14,,9250.0,1,Polerón Gris
1616.0,Polerón Gris Los Reyes Talla 16,,9500.0,1,Polerón Gris
1618.0,Polerón Gris Los Reyes Talla S,,10000.0,1,Polerón Gris
1620.0,Polerón Gris Los Reyes Talla M,,10250.0,1,Polerón Gris
1622.0,Polerón Gris Los Reyes Talla L,,10500.0,1,Polerón Gris
1624.0,Polerón Gris Los Reyes Talla XL,,11000.0,1,Polerón Gris
1626.0,Polerón Gris Los Reyes Talla XXL,,11500.0,1,Polerón Gris
1704.0,Calza corta azul marino Talla  4,,6000.0,7,Calza Corta
1706.0,Calza corta azul marino Talla  6,,7000.0,7,Calza Corta
1708.0,Calza corta azul marino Talla 8,,7000.0,7,Calza Corta
1710.0,Calza corta azul marino Talla  10,,7000.0,7,Calza Corta
1712.0,Calza corta azul marino Talla 12,,7000.0,7,Calza Corta
1714.0,Calza corta azul marino Talla  14,,8000.0,7,Calza Corta
1716.0,Calza corta azul marino Talla 16,,8000.0,7,Calza Corta
1718.0,Calza corta azul marino Talla  S,,8500.0,7,Calza Corta
1720.0,Calza corta azul marino Talla  M,,9000.0,7,Calza Corta
1722.0,Calza corta azul marino Talla L,,9000.0,7,Calza Corta
1724.0,Calza corta azul marino Talla XL,,10000.0,7,Calza Corta
1726.0,Calza corta azul marino Talla  Xxl,,11900.0,7,Calza Corta
1728.0,Calza corta azul marino talla 3XL,0,11900.0,7,calzas
1804.0,Calza larga azul marino Talla 4,,10000.0,7,Calza Larga
1806.0,Calza larga azul marino Talla  6,,10000.0,7,Calza Larga
1808.0,Calza larga azul marino Talla 8,,11000.0,7,Calza Larga
1810.0,Calza larga azul marino Talla  10,,11000.0,7,Calza Larga
1812.0,Calza larga azul marino Talla  12,,12000.0,7,Calza Larga
1814.0,Calza larga azul marino Talla  14,,12500.0,7,Calza Larga
1816.0,Calza larga azul marino Talla  16,,12500.0,7,Calza Larga
1818.0,Calza larga azul marino Talla S,,13600.0,7,Calza Larga
1820.0,Calza larga azul marino Talla M,,14200.0,7,Calza Larga
1822.0,Calza larga azul marino Talla  L,,14700.0,7,Calza Larga
1824.0,Calza larga azul marino Talla XL,,15900.0,7,Calza Larga
1826.0,Calza larga azul marino Talla XXL,,18000.0,7,Calza Larga
1904.0,Short Los Reyes Talla 4 ,,4500.0,1,Short
1906.0,Short Los Reyes Talla 6,,4750.0,1,Short
1908.0,Short Los Reyes Talla 8,,5000.0,1,Short
1910.0,Short Los Reyes Talla 10,,5000.0,1,Short
1912.0,Short Los Reyes Talla 12,,5250.0,1,Short
1914.0,Short Los Reyes Talla 14,,5250.0,1,Short
1916.0,Short Los Reyes Talla 16,,5500.0,1,Short
1918.0,Short Los Reyes Talla S,,5500.0,1,Short
1920.0,Short Los Reyes Talla M,,5750.0,1,Short
1922.0,Short Los Reyes Talla L,,5750.0,1,Short
1924.0,Short Los Reyes Talla XL,,6000.0,1,Short
1926.0,Short Los Reyes Talla XXL,,6000.0,1,Short
2004.0,Delantal Cuadrillé Rojo Talla 4,0,12500.0,7,Delantal Cuadrillé Rojo
2006.0,Delantal Cuadrillé Rojo Talla 6,,12500.0,7,Delantal Cuadrillé Rojo
2008.0,Delantal Cuadrillé Rojo Talla 8,,13500.0,7,Delantal Cuadrillé Rojo
2010.0,Delantal Cuadrillé Rojo Talla 10,,13500.0,7,Delantal Cuadrillé Rojo
2012.0,Delantal Cuadrillé Rojo Talla 12,,14500.0,7,Delantal Cuadrillé Rojo
2014.0,Delantal Cuadrillé Rojo Talla 14,,15000.0,7,Delantal Cuadrillé Rojo
2016.0,Delantal Cuadrillé Rojo Talla 16,,16500.0,7,Delantal Cuadrillé Rojo
2018.0,Delantal Cuadrillé Rojo Talla S,,16900.0,7,Delantal Cuadrillé Rojo
2020.0,Delantal Cuadrille Rojo Talla M,0,18000.0,7,Delantal Cuadrillé Rojo
2022.0,Delantal Cuadrillé Rojo Talla L,0,18500.0,7,Delantal Cuadrillé Rojo
2024.0,Delantal Cuadrillé Rojo Talla XL,0,20500.0,7,Delantal Cuadrillé Rojo
2104.0,Falda Gris  Talla 4,,16500.0,7,Falda Gris
2106.0,Falda Gris  Talla 6,,17000.0,7,Falda Gris
2108.0,Falda Gris  Talla 8,,17500.0,7,Falda Gris
2110.0,Falda Gris  Talla 10,,17500.0,7,Falda Gris
2112.0,Falda Gris  Talla 12,,18000.0,7,Falda Gris
2114.0,Falda Gris  Talla 14,,18000.0,7,Falda Gris
2116.0,Falda Gris  Talla 16,,18500.0,7,Falda Gris
2138.0,Falda Gris Talla 38,0,18500.0,7,Falda Gris
2140.0,Falda Gris Talla 40,0,19500.0,7,Falda Gris
2142.0,Falda Gris Talla 42,0,20000.0,7,Falda Gris
2144.0,Falda Gris Talla 44,0,21500.0,7,Falda Gris
2146.0,Falda Gris Talla 46,0,22000.0,7,Falda Gris
2148.0,Falda Gris Talla 48,0,22000.0,7,Falda Gris
2150.0,Falda Gris Talla 50,0,22000.0,7,Falda Gris
2152.0,Falda Gris Talla 52,0,22000.0,7,Falda Gris
2154.0,Falda Gris Talla 54,0,22000.0,7,Falda Gris
2156.0,Falda Gris Talla 56,0,22000.0,7,Falda Gris
2204.0,Parka Los Reyes Talla  4,0,14000.0,1,Parka
2206.0,Parka Los Reyes Talla  6,0,14000.0,1,Parka
2208.0,Parka Los Reyes Talla  8,0,14250.0,1,Parka
2210.0,Parka Los Reyes Talla 10,0,14750.0,1,Parka
2212.0,Parka Los Reyes Talla  12,0,15000.0,1,Parka
2214.0,Parka Los Reyes Talla  14,0,15500.0,1,Parka
2216.0,Parka Los Reyes Talla 16,0,15500.0,1,Parka
2218.0,Parka Los Reyes Talla  S,0,16500.0,1,Parka
2220.0,Parka Los Reyes Talla  M,0,16500.0,1,Parka
2222.0,Parka Los Reyes Talla  L,0,16500.0,1,Parka
2224.0,Parka Los Reyes Talla  Xl,0,17000.0,1,Parka
2226.0,Parka Los Reyes Talla  XXL,0,17500.0,1,Parka
2304.0,Pantalón Buzo Los Reyes Talla 4,,6250.0,1,Pantalón Buzo
2306.0,Pantalón Buzo Los Reyes Talla 6,,6250.0,1,Pantalón Buzo
2308.0,Pantalón Buzo Los Reyes Talla 8,,6500.0,1,Pantalón Buzo
2310.0,Pantalón Buzo Los Reyes Talla 10,,6750.0,1,Pantalón Buzo
2312.0,Pantalón Buzo Los Reyes Talla 12,,7250.0,1,Pantalón Buzo
2314.0,Pantalón Buzo Los Reyes Talla 14,,7500.0,1,Pantalón Buzo
2316.0,Pantalón Buzo Los Reyes Talla 16,,7750.0,1,Pantalón Buzo
2318.0,Pantalón Buzo Los Reyes Talla S,,8000.0,1,Pantalón Buzo
2320.0,Pantalón Buzo Los Reyes Talla M,,8250.0,1,Pantalón Buzo
2322.0,Pantalón Buzo Los Reyes Talla L,,8495.0,1,Pantalón Buzo
2324.0,Pantalón Buzo Los Reyes Talla Xl,,8495.0,1,Pantalón Buzo
2326.0,Pantalón Buzo Los Reyes Talla XXL,,8495.0,1,Pantalón Buzo
2328.0,Pantalón Buzo Los Reyes Talla XXXL,0,9000.0,1,Pantalón Buzo
2404.0,Chaqueta Buzo Los Reyes Talla 4,0,7750.0,1,Chaqueta Buzo
2406.0,Chaqueta Buzo Los Reyes Talla 6,0,7750.0,1,Chaqueta Buzo
2408.0,Chaqueta Buzo Los Reyes Talla 8,0,8250.0,1,Chaqueta Buzo
2410.0,Chaqueta Buzo Los Reyes Talla 10,0,8750.0,1,Chaqueta Buzo
2412.0,Chaqueta Buzo Los Reyes Talla 12,0,8750.0,1,Chaqueta Buzo
2414.0,Chaqueta Buzo Los Reyes Talla 14,0,9000.0,1,Chaqueta Buzo
2416.0,Chaqueta Buzo Los Reyes Talla 16,0,9000.0,1,Chaqueta Buzo
2418.0,Chaqueta Buzo Los Reyes Talla S,0,9250.0,1,Chaqueta Buzo
2420.0,Chaqueta Buzo Los Reyes Talla M,0,9500.0,1,Chaqueta Buzo
2422.0,Chaqueta Buzo Los Reyes Talla L,0,9750.0,1,Chaqueta Buzo
2424.0,Chaqueta Buzo Los Reyes Talla Xl,0,10000.0,1,Chaqueta Buzo
2426.0,Chaqueta Buzo Los Reyes Talla XXL ,0,10000.0,1,Chaqueta Buzo
2504.0,Cotona Beige Talla  4,,12500.0,7,Cotona Beige
2506.0,Cotona Beige Talla 6,,12500.0,7,Cotona Beige
2508.0,Cotona Beige Talla 8,,13500.0,7,Cotona Beige
2510.0,Cotona Beige Talla  10,,13500.0,7,Cotona Beige
2512.0,Cotona Beige Talla 12,,14500.0,7,Cotona Beige
2514.0,Cotona Beige Talla 14,,15000.0,7,Cotona Beige
2516.0,Cotona Beige Talla 16,,16500.0,7,Cotona Beige
2518.0,Cotona Beige Talla S,,17000.0,7,Cotona Beige
2520.0,Cotona Beige Talla M,0,18000.0,7,Cotona Beige
2522.0,Cotona Beige Talla L,0,18500.0,7,Cotona Beige
2524.0,Cotona Beige Talla  Xl,0,20500.0,7,Cotona Beige
2526.0,Cotona Beige Talla  XXL,0,20500.0,7,Cotona Beige
3203.0,Delantal jardin Talla 3,0,10500.0,7,Delantal
3204.0,Delantal jardin Talla 4,0,11000.0,7,Delantal
3206.0,Delantal jardin Talla 6,0,11500.0,7,Delantal
3208.0,Delantal jardin Talla 8,0,12000.0,7,Delantal
3210.0,Delantal jardin Talla 10,0,12000.0,7,Delantal
3302.0,Cotona jardin Talla 2,0,10800.0,7,Cotona
3303.0,Cotona jardin Talla 3,0,10800.0,7,Cotona
3304.0,Cotona jardin Talla 4,0,11500.0,7,Cotona
3306.0,Cotona jardin Talla 6,0,11500.0,7,Cotona
3308.0,Cotona jardin Talla 8,0,12000.0,7,Cotona
3310.0,Cotona jardin Talla 10,0,12000.0,7,Cotona
3402.0,Calza Corta azul rey Talla 2,0,7500.0,7,Calza Corta
3403.0,Calza Corta azul rey Talla 3,0,7500.0,7,Calza Corta
3404.0,Calza Corta azul rey Talla 4,0,7500.0,7,Calza Corta
3406.0,Calza Corta azul rey Talla 6,0,7500.0,7,Calza Corta
3408.0,Calza Corta azul rey Talla 8,0,7500.0,7,Calza Corta
3410.0,Calza Corta azul rey Talla 10,0,8000.0,7,Calza Corta
3412.0,Calza Corta azul rey Talla 12,0,8000.0,7,calza Corta
3414.0,Calza Corta azul rey Talla 14,0,8500.0,7,Calza Corta
3416.0,Calza Corta azul rey Talla 16,0,9000.0,7,Calza Corta
3510.0,Calza Larga Azul Rey Talla 10,0,11300.0,5,Calza Larga
3602.0,Short azul rey Talla 2,0,6000.0,6,Short
3603.0,Short Solríe Talla 3,0,6000.0,6,Short
3604.0,Short azul rey  Talla 4,0,7800.0,6,Short
3606.0,Short azul rey Talla 6,0,8000.0,6,Short
3608.0,Short azul rey Talla 8,0,8500.0,6,Short
3610.0,Short azul rey Talla 10,0,8500.0,6,Short
4104.0,Polera Azul MC NH Talla 4,,8000.0,3,Polera Azul Manga Corta
4106.0,Polera Azul MC NH Talla 6,,8000.0,3,Polera Azul Manga Corta
4108.0,Polera Azul MC NH Talla 8,,8500.0,3,Polera Azul Manga Corta
4110.0,Polera Azul MC NH Talla 10,,9000.0,3,Polera Azul Manga Corta
4112.0,Polera Azul MC NH Talla 12,,9500.0,3,Polera Azul Manga Corta
4114.0,Polera Azul MC NH Talla 14,,10000.0,3,Polera Azul Manga Corta
4116.0,Polera Azul MC NH Talla 16,,10000.0,3,Polera Azul Manga Corta
4118.0,Polera Azul MC NH Talla S,,10500.0,3,Polera Azul Manga Corta
4120.0,Polera Azul MC NH Talla M,,11000.0,3,Polera Azul Manga Corta
4122.0,Polera Azul MC NH Talla L,,11000.0,3,Polera Azul Manga Corta
4124.0,Polera Azul MC NH Talla XL,0,11500.0,3,Polera Azul Manga Corta
4304.0,Polera Pique Blanca MC NH Talla 4,,11000.0,3,Polera Blanca MC
4306.0,Polera Pique Blanca MC NH Talla 6,,11500.0,3,Polera Blanca MC
4308.0,Polera Pique Blanca MC NH Talla 8,,12500.0,3,Polera Blanca MC
4310.0,Polera Pique Blanca MC NH Talla 10,,13000.0,3,Polera Blanca MC
4312.0,Polera Pique Blanca MC NH Talla 12,,13500.0,3,Polera Blanca MC
4314.0,PoleraPique Blanca MC NH Talla 14,,13500.0,3,Polera Blanca MC
4316.0,Polera Pique Blanca MC NH Talla 16,,14000.0,3,Polera Blanca MC
4318.0,Polera Pique Blanca MC NH Talla S,,14000.0,3,Polera Blanca MC
4320.0,Polera Pique Blanca MC NH Talla M,,15000.0,3,Polera Blanca MC
4322.0,Polera Pique Blanca MC NH Talla L,,15000.0,3,Polera Blanca MC
4324.0,Polera Pique Blanca MC NH Talla XL,0,15500.0,3,Polera Blanca MC
4404.0,Polera Pique Blanca ML NH Talla 4,0,9800.0,3,Polera blanca ML
4420.0,Polera Pique Blanca ML NH Talla M,0,17000.0,3,Polera blanca ML
4504.0,Cotona Verde Talla 4,,13000.0,3,Cotona Verde
4506.0,Cotona Verde Talla 6,,13000.0,3,Cotona Verde
4508.0,Cotona Verde Talla 8,,13500.0,3,Cotona Verde
4510.0,Cotona Verde Talla 10,,13500.0,3,Cotona Verde
4512.0,Cotona Verde Talla 12,,14500.0,3,Cotona Verde
4514.0,Cotona Verde Talla 14,,14500.0,3,Cotona Verde
4516.0,Cotona Verde Talla 16,,15500.0,3,Cotona Verde
4518.0,Cotona Verde Talla S,,16500.0,3,Cotona Verde
4520.0,Cotona Verde Talla M,,16500.0,3,Cotona Verde
4522.0,Cotona Verde Talla L,,17500.0,3,Cotona Verde
4604.0,Delental Cuadrille Verde Talla 4,,13000.0,3,Delantal Cuadrille Verde
4606.0,Delental Cuadrille Verde Talla 6,,13000.0,3,Delantal Cuadrille Verde
4608.0,Delental Cuadrille Verde Talla 8,,13500.0,3,Delantal Cuadrille Verde
4610.0,Delental Cuadrille Verde Talla 10,,13500.0,3,Delantal Cuadrille Verde
4612.0,Delental Cuadrille Verde Talla 12,,14500.0,3,Delantal Cuadrille Verde
4614.0,Delental Cuadrille Verde Talla 14,,14500.0,3,Delantal Cuadrille Verde
4616.0,Delental Cuadrille Verde Talla 16,,15000.0,3,Delantal Cuadrille Verde
4618.0,Delental Cuadrille Verde Talla S,,15000.0,3,Delantal Cuadrille Verde
4620.0,Delental Cuadrille Verde Talla M-40,0,15000.0,3,Delantal Cuadrille Verde
4622.0,Delental Cuadrille Verde Talla L 42,0,15000.0,3,Delantal Cuadrille Verde
4704.0,Falda escocesa Nuevo Horizonte Talla 4,,14500.0,3,Falda Escosesa
4706.0,Falda escocesa Nuevo Horizonte Talla 6,,15500.0,3,Falda Escosesa
4708.0,Falda escocesa Nuevo Horizonte Talla 8,,15500.0,3,Falda Escosesa
4710.0,Falda escocesa Nuevo Horizonte Talla 10,,16000.0,3,Falda Escosesa
4712.0,Falda escocesa Nuevo Horizonte Talla 12,,16500.0,3,Falda Escosesa
4714.0,Falda escocesa Nuevo Horizonte Talla 14,,16500.0,3,Falda Escosesa
4716.0,Falda escocesa Nuevo Horizonte Talla 16,,17000.0,3,Falda Escosesa
4718.0,Falda escocesa Nuevo Horizonte Talla S,,17000.0,3,Falda Escosesa
4720.0,Falda escocesa Nuevo Horizonte Talla M,,18000.0,3,Falda Escosesa
4722.0,Falda escocesa Nuevo Horizonte Talla L,,19000.0,3,Falda Escosesa
4804.0,Pantalon Buzo NH Talla 4,,11500.0,3,Pantalón Buzo
4806.0,Pantalon Buzo NH Talla 6,,12000.0,3,Pantalón Buzo
4808.0,Pantalon Buzo NH Talla 8,,13000.0,3,Pantalón Buzo
4810.0,Pantalon Buzo NH Talla 10,,13000.0,3,Pantalón Buzo
4812.0,Pantalon Buzo NH Talla 12,,14000.0,3,Pantalón Buzo
4814.0,Pantalon Buzo NH Talla 14,,14500.0,3,Pantalón Buzo
4816.0,Pantalon Buzo NH Talla 16,,15000.0,3,Pantalón Buzo
4818.0,Pantalon Buzo NH Talla S,,15500.0,3,Pantalón Buzo
4820.0,Pantalon Buzo NH Talla M,,15500.0,3,Pantalón Buzo
4822.0,Pantalon Buzo NH Talla L,,16000.0,3,Pantalón Buzo
4904.0,Chaqueta Buzo Nuevo Horizonte Talla 4,,14500.0,3,Chaqueta Buzo
4906.0,Chaqueta Buzo Nuevo Horizonte Talla 6,,14500.0,3,Chaqueta Buzo
4908.0,Chaqueta Buzo Nuevo Horizonte Talla 8,,15000.0,3,Chaqueta Buzo
4910.0,Chaqueta Buzo Nuevo Horizonte Talla 10,,16000.0,3,Chaqueta Buzo
4912.0,Chaqueta Buzo Nuevo Horizonte Talla 12,,16000.0,3,Chaqueta Buzo
4914.0,Chaqueta Buzo Nuevo Horizonte Talla 14,,16500.0,3,Chaqueta Buzo
4916.0,Chaqueta Buzo Nuevo Horizonte Talla 16,,16500.0,3,Chaqueta Buzo
4918.0,Chaqueta Buzo Nuevo Horizonte Talla S,,17500.0,3,Chaqueta Buzo
4920.0,Chaqueta Buzo Nuevo Horizonte Talla M,,17500.0,3,Chaqueta Buzo
4922.0,Chaqueta Buzo Nuevo Horizonte Talla L,,18500.0,3,Chaqueta Buzo
4924.0,Chaqueta Buzo Nuevo Horizonte Talla XL,0,18500.0,3,Chaqueta Buzo
6001.0,BOLSITA KINDER ,0,7000.0,1,Bolsita Kinder
6002.0,Jockey azul marino Con Logo,0,5500.0,10,Jockey 
6003.0,Jockey colores Sin Logo,0,3500.0,10,Jockey 
6004.0,Pantalón Casimir Gris Niña Talla 4,,18000.0,7,Pantalón Casimir
6006.0,Pantalón Casimir Gris Niña Talla 6,,19000.0,7,Pantalón Casimir
6008.0,Pantalón Casimir Gris Niña Talla 8,,19500.0,7,Pantalón Casimir
6010.0,Pantalón Casimir Gris Niña Talla 10,,19500.0,7,Pantalón Casimir
6012.0,Pantalón Casimir Gris Niña Talla 12,,21000.0,7,Pantalón Casimir
6014.0,Pantalón Casimir Gris Niña Talla 14,,21000.0,7,Pantalón Casimir
6016.0,Pantalón Casimir Gris Niña  Talla 16,,22000.0,7,Pantalón Casimir
6018.0,Pantalón Casimir Gris Niña Talla S,,22000.0,7,Pantalón Casimir
6020.0,Pantalón Casimir Gris Niña Talla M,,23000.0,7,Pantalón Casimir
6022.0,Pantalón Casimir Gris Niña Talla L,,23000.0,7,Pantalón Casimir
6024.0,Pantalón Casimir Gris Niña  Talla XL,,24000.0,7,Pantalón Casimir
6026.0,Pantalón Casimir Gris Niña Talla XXL,,24000.0,7,Pantalón Casimir
6101.0,Bordados Nombre,0,3500.0,10,BORDADO
6102.0,Arreglos Costuras,0,4000.0,10,arreglos
6103.0,Gorro Lana Azul Marino C/logo,0,4500.0,7,gorro lana
6104.0,Gorro Azul Marino S/logo,0,3000.0,7,gorro lana
6105.0,Bordado logo,0,5000.0,10,Bordado
6106.0,Guantes Lana,0,2500.0,7,
6107.0,Basta pantalon buzo,0,4000.0,10,Bastas
6108.0,Huinchas Nombre Bordado ,0,4000.0,10,Huinchas 5 nombres
6109.0,Huinchas 10 Nombre Bordados,0,7000.0,10,Huinchas 10 nombres
6110.0,Basta y apitillado,0,7000.0,10,bastas
6111.0,Bordado espalda,0,8000.0,10,Bordado
6112.0,Cuello Polar Con Logo,0,3500.0,7,cuello polar con logo
6113.0,Cuello Polar Sin Logo,0,3000.0,7,cuello polar sin logo
6114.0,Basta a mano falda,0,7000.0,10,Bastas
6115.0,Basta a maquina falda,0,4000.0,10,basta
6116.0,Basta a mano pantalon vestir,0,5000.0,10,Basta
6117.0,Polera pique empresa mc con logo S-XXL,0,18000.0,7,Polera pique
6118.0,Cambio de cierre chaequtas y parkas ,0,5500.0,7,arreglos
6119.0,"cambio de cierre a faldas, pantalon, chaquetas colegio",0,4000.0,7,arreglos
6120.0,juego de servilletas tela,0,4000.0,7,varios
6202.0,Pañuelo Cueca,0,2000.0,7,
6203.0,Delantal Cueca,0,8000.0,7,
6210.0,Varios,0,1000.0,10,
6304.0,Pantalon Casimir gris Varon Talla 4,,13000.0,7,Pantalon Casimir
6306.0,Pantalon Casimir gris Varon Talla 6,,13500.0,7,Pantalon Casimir 
6308.0,Pantalon Casimir gris Varon Talla 8,,14000.0,7,Pantalon Casimir
6310.0,Pantalon Casimir gris Varon Talla 10,,15000.0,7,Pantalon Casimir
6312.0,Pantalon Casimir gris Varon Talla 12,,15000.0,7,PantalonCasimir
6314.0,Pantalon Casimir gris Varon Talla 14,,15000.0,7,Pantalon Casimir
6316.0,Pantalon Casimir gris Varon Talla 16,,15500.0,7,Pantalon Colegio
6338.0,Pantalon Casimir gris Varon Talla 38,0,16500.0,7,Pantalon Casimir 
6340.0,Pantalon Casimir gris Varon Talla 40,0,17000.0,7,Pantalon Casimir
6342.0,Pantalon Casimir gris Varon Talla 42,0,17000.0,7,Pantalon Casimir
6344.0,Pantalon Casimir gris Varon Talla 44,0,18000.0,7,Pantalon Casimir
6346.0,Pantalon Casimir gris Varon Talla 46,0,18000.0,7,Pantalon Casimir
6348.0,Pantalon Casimir gris Varon Talla 48,0,18000.0,7,Pantalon Casimir
6350.0,Pantalon Casimir gris Varon Talla 50,0,20000.0,7,Pantalon Casimir
6352.0,Pantalon Casimir gris Varon Talla 52,0,20000.0,7,Pantalon Casimir
6354.0,Pantalon Casimir gris Varon Talla 54,0,20000.0,7,Pantalon Casimir
6404.0,Polar Azul Marino Talla 4,,14000.0,7,Polar azul Marino
6406.0,Polar Azul Marino Talla 6,,15300.0,7,Polar azul Marino
6408.0,Polar Azul Marino Talla 8,,15900.0,7,Polar azul Marino
6410.0,Polar Azul Marino Talla 10,,16400.0,7,Polar azul Marino
6412.0,Polar Azul Marino Talla 12,,17000.0,7,Polar azul Marino
6414.0,Polar Azul Marino Talla 14,,17600.0,7,Polar azul Marino
6416.0,Polar Azul Marino Talla 16,,18000.0,7,Polar azul Marino
6418.0,Polar Azul Marino Talla S (38),,18700.0,7,Polar azul Marino
6420.0,Polar Azul Marino Talla M (40),,19300.0,7,Polar azul Marino
6422.0,Polar Azul Marino Talla L (42),,19300.0,7,Polar azul Marino
6424.0,Polar Azul Marino Talla Xl (44),,20400.0,7,Polar azul Marino
6426.0,Polar Azul Marino Talla Xxl (46-48),,22000.0,7,Polar azul Marino
6428.0,Polar Azul Marino Talla Xxxl,0,24000.0,7,Polar azul Marino
6504.0,Polar azul rey Talla 4,0,14000.0,7,Polar colores
6506.0,Polar azul rey talla 6,0,14000.0,7,Polar colores
6508.0,Polar azul rey Talla 8,0,14000.0,7,Polar colores
6510.0,Polar azul rey Talla 10,0,14000.0,7,Polar colores
6512.0,Polar azul reyTalla 12,0,15000.0,7,Polar colores
6514.0,Polar azul rey Talla 14,0,15000.0,7,Polar colores
6516.0,Polar azul rey Talla 16,0,18000.0,7,Polar colores
6518.0,Polar azulrey Talla S,0,18000.0,7,Polar colores
6520.0,Polar azul rey Talla M,0,20000.0,7,Polar colores
6522.0,Polar colores Talla L,0,20000.0,7,Polar colores
6524.0,Polar azul rey Talla XL,0,22000.0,7,Polar colores
6526.0,Polar azul rey Talla XXL,0,22000.0,7,Polar colores
6604.0,Cotona Cuadrille Verde Talla 4,0,12500.0,7,Cotona Cuadrille verde
6606.0,Cotona Cuadrille Verde Talla 6,0,12500.0,7,Cotona Cuadrille verde
6608.0,Cotona Cuadrille Verde Talla 8,0,12500.0,7,Cotona Cuadrille verde
6610.0,Cotona Cuadrille Verde Talla 10,0,13500.0,7,Cotona Cuadrille verde
6702.0,Delantal Ciecc Talla 2,,12500.0,4,Delantal
6703.0,Delantal Ciecc Talla 3,,12500.0,4,Delantal
6704.0,Delantal Ciecc Talla 4,,12500.0,4,Delantal
6706.0,Delantal Ciecc Talla 6,,13000.0,4,Delantal
6708.0,Delantal Ciecc Talla 8,,13500.0,4,Delantal
6710.0,Delantal Ciecc Talla 10,,13500.0,4,Delantal
6902.0,Pantalón Buzo Ciecc Talla 2,,11300.0,4,Pantalón Buzo
6903.0,Pantalón Buzo Ciecc Talla 3,,11500.0,4,Pantalón Buzo
6904.0,Pantalón Buzo Ciecc Talla 4,,11500.0,4,Pantalón Buzo
6906.0,Pantalón Buzo Ciecc Talla 6,,12000.0,4,Pantalón Buzo
6908.0,Pantalón Buzo Ciecc Talla 8,,12500.0,4,Pantalón Buzo
6910.0,Pantalón Buzo Ciecc Talla 10,,13000.0,4,Pantalón Buzo
7002.0,Chaqueta Buzo Ciecc Talla 2,,13500.0,4,Chaqueta Buzo
7003.0,Chaqueta Buzo Ciecc Talla 3,,14000.0,4,Chaqueta Buzo
7004.0,Chaqueta Buzo Ciecc Talla 4,,14000.0,4,Chaqueta Buzo
7006.0,Chaqueta Buzo Ciecc Talla 6,,14000.0,4,Chaqueta Buzo
7008.0,Chaqueta Buzo Ciecc Talla 8,,14500.0,4,Chaqueta Buzo
7010.0,Chaqueta Buzo Ciecc Talla 10,,14500.0,4,Chaqueta Buzo
7102.0,Polera Ciecc Manga Corta Talla 2,,10800.0,4,Polera MC
7103.0,Polera Ciecc Manga Corta Talla 3,,10800.0,4,Polera MC
7104.0,Polera Ciecc Manga Corta Talla 4,,11000.0,4,Polera MC
7106.0,Polera Ciecc Manga Corta Talla 6,,11000.0,4,Polera MC
7108.0,Polera Ciecc Manga Corta Talla 8,,11500.0,4,Polera MC
7110.0,Polera Ciecc Manga Corta Talla 10,,11500.0,4,Polera MC
7202.0,Polera Ciecc Manga Larga Talla 2 ,,10200.0,4,Polera ML
7203.0,Polera Ciecc Manga Larga Talla 3 ,,11500.0,4,Polera ML
7204.0,Polera Ciecc Manga Larga Talla 4 ,,11500.0,4,Polera ML
7206.0,Polera Ciecc Manga Larga Talla 6,,12000.0,4,Polera ML
7208.0,Polera Ciecc Manga Larga Talla 8 ,,12500.0,4,Polera ML
7210.0,Polera Ciecc Manga Larga Talla 10 ,,12500.0,4,Polera ML
7302.0,Cotona Ciecc Talla 2,,12000.0,4,Cotona
7303.0,Cotona Ciecc Talla 3,,12000.0,4,Cotona
7304.0,Cotona Ciecc Talla 4,,12500.0,4,Cotona
7306.0,Cotona Ciecc Talla 6,,13000.0,4,Cotona
7308.0,Cotona Ciecc Talla 8,,13500.0,4,Cotona
7310.0,Cotona Ciecc Talla 10,,13500.0,4,Cotona
7402.0,Polerón Polar Ciecc Talla 2,,14700.0,4,Polar Rojo
7403.0,Polar Rojo Ciecc Talla 3,,14700.0,4,Polar Rojo
7404.0,Polar Rojo Ciecc Talla 4,,14500.0,4,Polar Rojo
7406.0,Polar Rojo Ciecc Talla 6,,15500.0,4,Polar Rojo
7408.0,Polar Rojo Ciecc Talla 8,,15500.0,4,Polar Rojo
7410.0,Polar Rojo Ciecc Talla 10,,15500.0,4,Polar Rojo
7502.0,Calza Corta Ciecc Talla 2,,6500.0,4,Calza Corta
7503.0,Calza Corta Ciecc Talla 3,,6500.0,4,Calza Corta
7504.0,Calza Corta Ciecc Talla 4,,7000.0,4,Calza Corta
7506.0,Calza Corta Ciecc Talla 6,,7500.0,4,Calza Corta
7508.0,Calza Corta Ciecc Talla 8,,7500.0,4,Calza Corta
7510.0,Calza Corta Ciecc Talla 10,,8000.0,4,Calza Corta
7602.0,Calza Larga Ciecc Talla 2 ,,9000.0,4,Calza Larga
7603.0,Calza Larga Ciecc Talla 3 ,,9000.0,4,Calza Larga
7604.0,Calza Larga Ciecc Talla 4 ,,9000.0,4,Calza Larga
7606.0,Calza Larga Ciecc Talla 6 ,,9000.0,4,Calza Larga
7608.0,Calza Larga Ciecc Talla 8 ,,11000.0,4,Calza Larga
7610.0,Calza Larga Ciecc Talla 10 ,,11000.0,4,Calza Larga
7702.0,Short Ciecc Talla 2,,8000.0,4,Short
7703.0,Short Ciecc Talla 3,,8000.0,4,Short
7704.0,Short Ciecc Talla 4,,9000.0,4,Short
7706.0,Short Ciecc Talla 6,,9500.0,4,Short
7708.0,Short Ciecc Talla 8,,10000.0,4,Short
7710.0,Short Ciecc Talla 10,,10000.0,4,Short
7801.0,Gorro De Lana Rojo C/logo,0,4000.0,4,
7803.0,Parka Ciecc Talla 3,,22000.0,4,Parka Ciecc
7804.0,Parka Ciecc Talla 4,,23000.0,4,Parka Ciecc
7806.0,Parka Ciecc Talla 6,,24000.0,4,Parka Ciecc
7808.0,Parka Ciecc Talla 8,,24500.0,4,Parka Ciecc
7810.0,Parka Ciecc Talla 10,,24800.0,4,Parka Ciecc
7900.0,Bolsita Kinder Roja Ciecc,0,5700.0,4,Bolsita Kinder
8102.0,Polera Manga Corta Solríe Talla 2,,9000.0,6,Polera MC
8103.0,Polera Manga Corta Solríe Talla 3,,10000.0,6,Polera MC
8104.0,Polera Manga Corta Solríe Talla 4,,10000.0,6,Polera MC
8106.0,Polera Manga Corta Solríe Talla 6,,10000.0,6,Polera MC
8108.0,Polera Manga Corta Solríe Talla 8,,10000.0,6,Polera MC
8110.0,Polera Manga Corta Solríe Talla 10,,10000.0,6,Polera MC
8202.0,Polera Manga Larga Solríe Talla 2 ,,11100.0,6,Polera ML
8203.0,Polera Manga Larga Solríe Talla 3 ,,11100.0,6,Polera ML
8204.0,Polera Manga Larga Solríe Talla 4 ,,11800.0,6,Polera ML
8206.0,Polera Manga Larga Solríe Talla 6 ,,11800.0,6,Polera ML
8208.0,Polera Manga Larga Solríe Talla 8 ,,12400.0,6,Polera ML
8210.0,Polera Manga Larga Solríe Talla 10 ,,12800.0,6,Polera ML
8302.0,Pantalón Buzo Solríe Talla 2,,11500.0,6,Pantalón Buzo
8303.0,Pantalón Buzo Solríe Talla 3,,11500.0,6,Pantalón Buzo
8304.0,Pantalón Buzo Solríe Talla 4,,12000.0,6,Pantalón Buzo
8306.0,Pantalón Buzo Solríe Talla 6,,12000.0,6,Pantalón Buzo
8308.0,Pantalón Buzo Solríe Talla 8,,12500.0,6,Pantalón Buzo
8310.0,Pantalón Buzo Solríe Talla 10,,12500.0,6,Pantalón Buzo
8402.0,Polerón Buzo Solríe Talla 2,,14000.0,6,Polerón Buzo
8403.0,Polerón Buzo Solríe Talla 3,,14000.0,6,Polerón Buzo
8404.0,Polerón Buzo Solríe Talla 4,,14500.0,6,Polerón Buzo
8406.0,Polerón Buzo Solríe Talla 6,,14500.0,6,Polerón Buzo
8408.0,Polerón Buzo Solríe Talla 8,,14500.0,6,Polerón Buzo
8410.0,Polerón Buzo Solríe Talla 10,,14800.0,6,Polerón Buzo
8502.0,Delantal Solríe Talla 2,,8000.0,6,Delantal
8503.0,Delantal Solríe Talla 3,,8000.0,6,Delantal
8504.0,Delantal Solríe Talla 4,,8000.0,6,Delantal
8506.0,Delantal Solríe Talla 6,,10000.0,6,Delantal
8508.0,Delantal Solríe Talla 8,,8500.0,6,Delantal
8510.0,Delantal Solríe Talla 10,,8800.0,6,Delantal
8602.0,Cotona Solríe Talla 2,,8000.0,6,Cotona
8603.0,Cotona Solríe Talla 3,,8000.0,6,Cotona
8604.0,Cotona Solríe Talla 4,,8000.0,6,Cotona
8606.0,Cotona Solríe Talla 6,,10000.0,6,Cotona
8608.0,Cotona Solríe Talla 8,,8500.0,6,Cotona
8610.0,Cotona Solríe Talla 10,,8800.0,6,Cotona
8702.0,Polar Azul Solríe Talla 2,,10000.0,6,Polar Azul
8703.0,Polar Azul Solríe Talla 3,,14000.0,6,Polar Azul
8704.0,Polar Azul Solríe Talla 4,,14700.0,6,Polar Azul
8706.0,Polar Azul Solríe Talla 6,,15300.0,6,Polar Azul
8708.0,Polar Azul Solríe Talla 8,,15900.0,6,Polar Azul
8710.0,Polar Azul Solríe Talla 10,,15900.0,6,Polar Azul
9104.0,Polera Pique Blanca Juan Xxiii Talla 4,,12500.0,2,Polera Pique
9106.0,Polera Pique Blanca Juan Xxiii Talla 6,,13000.0,2,Polera Pique
9108.0,Polera Pique Blanca Juan Xxiii Talla 8,,13500.0,2,Polera Pique
9110.0,Polera Pique Blanca Juan Xxiii Talla 10,,13500.0,2,Polera Pique
9112.0,Polera Pique Blanca Juan Xxiii Talla 12,,13500.0,2,Polera Pique
9114.0,Polera Pique Blanca Juan Xxiii Talla 14 ,,14000.0,2,Polera Pique
9116.0,Polera Pique Blanca Juan Xxiii Talla 16,,14000.0,2,Polera Pique
9118.0,Polera Pique Blanca Juan Xxiii Talla S,,15000.0,2,Polera Pique
9120.0,Polera Pique Blanca Juan Xxiii Talla M,,15000.0,2,Polera Pique
9122.0,Polera Pique Blanca Juan Xxiii Talla L,,15000.0,2,Polera Pique
9124.0,Polera Pique Blanca Juan Xxiii Talla Xl,,15500.0,2,Polera Pique
9126.0,Polera Pique Blanca Juan Xxiii Talla Xxl,,15500.0,2,Polera Pique
9204.0,Polera Polo Blanca Juan XXlll Talla 4,,8000.0,2,Polera Polo
9206.0,Polera Polo Blanca Juan XXlll Talla 6,,8000.0,2,Polera Polo
9208.0,Polera Polo Blanca Juan XXlll Talla 8,,8500.0,2,Polera Polo
9210.0,Polera Polo Blanca Juan XXlll Talla 10,,8500.0,2,Polera Polo
9212.0,Polera Polo Blanca Juan XXlll Talla 12,,9000.0,2,Polera Polo
9214.0,Polera Polo Blanca Juan XXlll Talla 14,,9000.0,2,Polera Polo
9216.0,Polera Polo Blanca Juan XXlll Talla 16,,9500.0,2,Polera Polo
9218.0,Polera Polo Blanca Juan XXlll Talla S,,9500.0,2,Polera Polo
9220.0,Polera Polo Blanca Juan XXlll Talla M,,10000.0,2,Polera Polo
9222.0,Polera Polo Blanca Juan XXlll Talla L,,10000.0,2,Polera Polo
9224.0,Polera Polo Blanca Juan XXlll Talla XL,,10500.0,2,Polera Polo
9226.0,Polera Polo Blanca Juan XXlll Talla XXL,,10500.0,2,Polera Polo
9304.0,Pantalón Buzo Juan Xxiii    Talla 4,,11500.0,2,Pantalón Buzo
9306.0,Pantalón Buzo Juan Xxiii   Talla 6,,12000.0,2,Pantalón Buzo
9308.0,Pantalón Buzo Juan Xxiii    Talla 8,,13000.0,2,Pantalón Buzo
9310.0,Pantalón Buzo Juan Xxiii   Talla 10,,13000.0,2,Pantalón Buzo
9312.0,Pantalón Buzo Juan Xxiii   Talla 12 ,,14000.0,2,Pantalón Buzo
9314.0,Pantalón Buzo Juan Xxiii   Talla 14,,14500.0,2,Pantalón Buzo
9316.0,Pantalón Buzo Juan Xxiii   Talla 16,,15000.0,2,Pantalón Buzo
9318.0,Pantalón Buzo Juan Xxiii   Talla S ,,15500.0,2,Pantalón Buzo
9320.0,Pantalón Buzo Juan Xxiii   Talla M,,15500.0,2,Pantalón Buzo
9322.0,Pantalón Buzo Juan Xxiii   Talla L,,16000.0,2,Pantalón Buzo
9324.0,Pantalón Buzo Juan Xxiii   Talla Xl,,16500.0,2,Pantalón Buzo
9326.0,Pantalón Buzo Juan Xxiii   Talla XXL,,17000.0,2,Pantalón Buzo
9404.0,Chaqueta Buzo Juan Xxiii Talla 4,,14000.0,2,Chaqueta Buzo
9406.0,Chaqueta Buzo Juan Xxiii Talla 6,,14500.0,2,Chaqueta Buzo
9408.0,Chaqueta Buzo Juan Xxiii Talla 8,,14500.0,2,Chaqueta Buzo
9410.0,Chaqueta Buzo Juan Xxiii Talla 10,,15000.0,2,Chaqueta Buzo
9412.0,Chaqueta Buzo Juan Xxiii Talla 12,,15000.0,2,Chaqueta Buzo
9414.0,Chaqueta Buzo Juan Xxiii Talla 14,,16000.0,2,Chaqueta Buzo
9416.0,Chaqueta Buzo Juan Xxiii Talla 16,,16000.0,2,Chaqueta Buzo
9418.0,Chaqueta Buzo Juan Xxiii Talla S,,16500.0,2,Chaqueta Buzo
9420.0,Chaqueta Buzo Juan Xxiii Talla M,,17000.0,2,Chaqueta Buzo
9422.0,Chaqueta Buzo Juan Xxiii Talla L,,17500.0,2,Chaqueta Buzo
9424.0,Chaqueta Buzo Juan Xxiii Talla Xl,,18500.0,2,Chaqueta Buzo
9426.0,Chaqueta Buzo Juan Xxiii Talla XXL,,19500.0,2,Chaqueta Buzo
9504.0,Delantal Celeste Talla 4,,10200.0,2,Delantal Celeste
9506.0,Delantal Celeste Talla 6,,10800.0,2,Delantal Celeste
9508.0,Delantal Celeste Talla 8,,11100.0,2,Delantal Celeste
9510.0,Delantal Celeste Talla 10,,11300.0,2,Delantal Celeste
9512.0,Delantal Celeste Talla 12,,11300.0,2,Delantal Celeste
9514.0,Delantal Celeste Talla 14,,11900.0,2,Delantal Celeste
9516.0,Delantal Celeste Talla 16,,12500.0,2,Delantal Celeste
9518.0,Delantal Celeste Talla S,,14700.0,2,Delantal Celeste
9520.0,Delantal Celeste Talla M,0,15300.0,2,Delantal Celeste
9522.0,Delantal Celeste Talla L,0,15900.0,2,Delantal Celeste
9524.0,Delantal Celeste Talla  XL,0,16400.0,2,Delantal Celeste
9526.0,Delantal Celeste Talla  XXL,0,18500.0,2,Delantal Celeste
9606.0,Short Juan XXlll talla 6 ,0,9500.0,2,Short
9608.0,Short Juan XXlll talla 8 ,0,9800.0,2,Short
9610.0,Short Juan XXlll talla 10 ,0,10000.0,2,Short
9612.0,Short Juan XXlll talla 12 ,0,10800.0,2,Short
9614.0,Short Juan XXlll talla 14 ,0,11500.0,2,Short
9616.0,Short Juan XXlll talla 16 ,0,12500.0,2,Short
9618.0,Short Juan XXlll talla S,0,13500.0,2,Short
9620.0,Short Juan XXlll talla M,0,14000.0,2,Short
9622.0,Short Juan XXlll talla L,0,14500.0,2,Short
9624.0,Short Juan XXlll talla XL,0,14800.0,2,Short
9700.0,BOLSITA KINDER AZUL MARINO ,0,6000.0,2,Bolsita kinder azul marino
9701.0,BOLSITA CHICA VERDE,0,4000.0,7,
9702.0,BOLSITA CHICA MORADA,0,4000.0,7,
9703.0,BOLSITA CHICA AMARILLA,0,4000.0,7,
9704.0,BOLSITA CHICA AZUL MARINO,0,4000.0,2,bolsita azul marino chica
9706.0,Parka Juan XXlll talla 6,0,34000.0,2,Parkas
9708.0,Parka Juan XXlll talla 8,0,34000.0,2,Parkas
9710.0,Parka Juan XXlll talla 10,0,35000.0,2,Parkas
9712.0,Parka Juan XXlll talla 12,0,36000.0,2,Parkas
9714.0,Parka Juan XXlll talla 14,0,38000.0,2,Parkas
9716.0,Parka Juan XXlll talla 16,0,39000.0,2,Parkas
9718.0,Parka Juan XXlll talla S,0,40000.0,2,Parkas
9720.0,Parka Juan XXlll talla M,0,42000.0,2,Parkas
9722.0,Parka Juan XXlll talla L,0,43000.0,2,Parkas
9724.0,Parka Juan XXlll talla XL,0,44000.0,2,Parkas
9901.0,Otros,0,1.0,10,
9999.0,Abono o saldo pagado,0,1.0,10,1
10102.0,Polerón Buzo Nahuel Talla 2,,12000.0,8,Chaquta
10103.0,Polerón Buzo Nahuel Talla 3,,12000.0,8,Chaqueta
10104.0,Polerón Buzo Nahuel Talla 4,,14000.0,8,Chaqueta
10106.0,Polerón Buzo Nahuel Talla 6,,14500.0,8,Chaqueta
10108.0,Polerón Buzo Nahuel Talla 8,,14500.0,8,Chaqueta
10110.0,Polerón Buzo Nahuel Talla10,,14800.0,8,Chaqueta
10202.0,Pantalón Buzo Nahuel Talla 2,,11100.0,8,Pantalón
10203.0,Pantalón Buzo Nahuel Talla 3,,11500.0,8,Pantalón
10204.0,Pantalón Buzo Nahuel Talla 4,,11500.0,8,Pantalón
10206.0,Pantalón Buzo Nahuel Talla 6,,12000.0,8,Pantalón
10208.0,Pantalón Buzo Nahuel Talla 8,,12000.0,8,Pantalón
10210.0,Pantalón Buzo Nahuel Talla 10,,12000.0,8,Pantalón
10302.0,Polera Manga Corta Nahuel Talla 2,,8800.0,8,Polera 
10303.0,Polera Manga Corta Nahuel Talla 3,,10000.0,8,Polera Piqué
10304.0,Polera Manga Corta Nahuel Talla 4,,10500.0,8,Polera Piqué
10306.0,Polera Manga Corta Nahuel Talla 6,,10500.0,8,Polera Piqué
10308.0,Polera Manga Corta Nahuel Talla 8,,11500.0,8,Polera Piqué
10310.0,Polera Manga Corta Nahuel Talla 10,,11500.0,8,Polera Piqué
10402.0,Polera Manga Larga Nahuel Talla 2 ,,9800.0,8,Polera pique
10403.0,Polera Manga Larga Nahuel Talla 3 ,,11100.0,8,Polera Piqué
10404.0,Polera Manga Larga Nahuel Talla 4 ,,12000.0,8,Polera Piqué
10406.0,Polera Manga Larga Nahuel Talla 6,,12000.0,8,Polera Piqué
10408.0,Polera Manga Larga Nahuel Talla 8 ,,12500.0,8,Polera Piqué
10410.0,Polera Manga Larga Nahuel Talla 10 ,,12500.0,8,Polera Piqué
10502.0,Delantal Nahuel Talla 2,,9000.0,,
10503.0,Delantal Nahuel Talla 3,,10200.0,8,Delantal
10504.0,Delantal Nahuel Talla 4,,10200.0,8,Delantal
10506.0,Delantal Nahuel Talla 6,,10800.0,8,Delantal
10508.0,Delantal Nahuel Talla 8,,11100.0,8,Delantal
10510.0,Delantal Nahuel Talla 10,,10000.0,,
10602.0,Cotona Nahuel Talla 2,,9000.0,,
10603.0,Cotona Nahuel Talla 3,,10200.0,8,Cotona
10604.0,Cotona Nahuel Talla 4,,10200.0,8,Cotona
10606.0,Cotona Nahuel Talla 6,,10800.0,8,Cotona
10608.0,Cotona Nahuel Talla 8,,11100.0,8,Cotona
10610.0,Cotona Nahuel Talla 10,,10000.0,,
10702.0,Polar Azul Nahuel Talla 2,,10000.0,,
10703.0,Polar Azul Nahuel Talla 3,,14700.0,8,Polerón
10704.0,Polar Azul Nahuel Talla 4,,14500.0,8,Polerón
10706.0,Polar Azul Nahuel Talla 6,,15300.0,8,Polerón
10708.0,Polar Azul Nahuel Talla 8,,15900.0,8,Polerón
10710.0,Polar Azul Nahuel Talla 10,,15900.0,8,Polerón
12003.0,Buzo Colibri Talla 3,0,22000.0,0,
12004.0,Buzo Colibri Talla 4,0,22000.0,0,
12006.0,Buzo Colibri Talla 6,0,23000.0,0,
12008.0,Buzo Colibri Talla 8,0,23000.0,0,
12010.0,Buzo Colibri Talla 10,0,24000.0,0,
12103.0,Pantalon Colibri Talla 3,0,9000.0,0,
12104.0,Pantalon Colibri Talla 4,0,9000.0,0,
12106.0,Pantalon Buzo Colibri Talla 6,0,9500.0,0,
12108.0,Pantalon Buzo Colbri Talla 8,0,9500.0,0,
12110.0,Pantalon Buzo Colibri,0,9800.0,0,
12203.0,Polera Mc Colibri Talla 3,0,9000.0,0,
12204.0,Polera Mc Colibri Talla 4,0,9000.0,0,
12206.0,Polera Mc Colibri Talla 6,0,9.0,0,
12208.0,Polera Colibri Talla 8 ,0,9000.0,0,
12210.0,Polera Colibri Talla 10,0,9000.0,0,
12303.0,Polera Ml Colibri Talla 3,0,11000.0,0,
12304.0,Polera Ml Colibri Talla 4,0,11000.0,0,
12306.0,Polera Ml Colibri Talla 6,0,11000.0,0,
12308.0,Polera Ml Colibri Talla 8,0,11000.0,0,
12310.0,Polera Ml Colibri Talla 10,0,11000.0,0,
12403.0,Poleron Buzo Colibri Talla 3,0,13900.0,0,
12404.0,Poleron Buzo Colibri Talla 4,0,13900.0,0,
12406.0,Poleron Buzo Colibri Talla 6,0,14000.0,0,
12408.0,Poleron Buzo Colibri Talla 8,0,13500.0,0,
12410.0,Poleron Buzo Colibri Talla 10,0,13500.0,0,
19104.0,Short Niña LR T4,0,5750.0,1,Short Niña
19106.0,Short Niña LR T6,0,5750.0,1,Short Niña
19108.0,Short Niña LR T8,0,6250.0,1,Short Niña
19110.0,Short Niña LR T10,0,6250.0,1,Short Niña
19112.0,Short Niña LR T12,0,6250.0,1,Short Niña
19114.0,Short Niña LR T14,0,6500.0,1,Short Niña
19116.0,Short Niña LR T16,0,6500.0,1,Short Niña
19118.0,Short Niña LR TS,0,6750.0,1,Short Niña
19120.0,Short Niña LR TM,0,7250.0,1,Short Niña
19122.0,Short Niña LR TL,0,7250.0,1,Short Niña
19124.0,Short Niña LR TXL,0,7750.0,1,Short Niña
19126.0,Short Niña LR TXXL,0,7750.0,1,Short Niña
25004.0,Short Azul Niña Los Reyes Talla 4,,10000.0,1,Short
25006.0,Short Azul Niña Los Reyes Talla 6,,10500.0,1,Short
25008.0,Short Azul Niña Los Reyes Talla 8,,10800.0,1,Short
25010.0,Short Azul Niña Los Reyes Talla 10,,10800.0,1,Short
25012.0,Short Azul Niña Los Reyes Talla 12,,10800.0,1,Short
25014.0,Short Azul Niña Los Reyes Talla 14,,11000.0,1,Short
25016.0,Short Azul Niña Los Reyes Talla 16,,11300.0,1,Short
25018.0,Short Azul Niña Los Reyes Talla S,,11500.0,1,Short
25020.0,Short Azul Niña Los Reyes Talla M,,11800.0,1,Short
25022.0,Short Azul Niña Los Reyes Talla L,,11800.0,1,Short
25024.0,Short Azul Niña Los Reyes Talla Xl,,13500.0,1,Short
31004.0,Polera Azul  Manga Corta Yerpún Talla 4 ,,7000.0,9,Polera Manga Corta
31006.0,Polera Azul  Manga Corta Yerpún Talla 6 ,,7000.0,9,Polera Manga Corta
31008.0,Polera Azul  Manga Corta Yerpún Talla 8,,7500.0,9,Polera Manga Corta
31010.0,Polera Azul  Manga Corta Yerpún Talla 10,,7500.0,9,Polera Manga Corta
31012.0,Polera Azul  Manga Corta Yerpún Talla 12,,8000.0,9,Polera Manga Corta
31014.0,Polera Azul  Manga Corta Yerpún Talla 14 ,,8500.0,9,Polera Manga Corta
31016.0,Polera Azul  Manga Corta Yerpún Talla 16 ,,8800.0,9,Polera Manga Corta
31018.0,Polera Azul  Manga Corta Yerpún Talla S ,,9500.0,9,Polera Manga Corta
31020.0,Polera Azul  Manga Corta Yerpún Talla M ,,9800.0,9,Polera Manga Corta
31022.0,Polera Azul  Manga Corta Yerpún Talla L ,,10000.0,9,Polera Manga Corta
32004.0,Polera Azul  Manga Larga Yerpún Talla 4  ,,8000.0,9,Polera Manga Larga
32006.0,Polera Azul  Manga Larga Yerpún Talla 6  ,,8000.0,9,Polera Manga Larga
32008.0,Polera Azul  Manga Larga Yerpún Talla 8,,8500.0,9,Polera Manga Larga
32010.0,Polera Azul  Manga Larga Yerpún Talla 10  ,,8500.0,9,Polera Manga Larga
32012.0,Polera Azul  Manga Larga Yerpún Talla 12,,9000.0,9,Polera Manga Larga
32014.0,Polera Azul  Manga Larga Yerpún Talla 14  ,,9500.0,9,Polera Manga Larga
32016.0,Polera Azul  Manga Larga Yerpún Talla 16  ,,9800.0,9,Polera Manga Larga
32018.0,Polera Azul  Manga Larga Yerpún Talla S  ,,10500.0,9,Polera Manga Larga
32020.0,Polera Azul  Manga Larga Yerpún Talla M  ,,10800.0,9,Polera Manga Larga
32022.0,Polera Azul  Manga Larga Yerpún Talla L  ,,11000.0,9,Polera Manga Larga
33004.0,Pantalón Buzo Yerpún Talla 4,,10000.0,9,Pantalón
33006.0,Pantalón Buzo Yerpún Talla 6,,13000.0,9,Pantalón
33008.0,Pantalón Buzo Yerpún Talla 8,,14000.0,9,Pantalón
33010.0,Pantalón Buzo Yerpún Talla 10,,13500.0,9,Pantalón
33012.0,Pantalón Buzo Yerpún Talla 12,,14000.0,9,Pantalón
33014.0,Pantalón Buzo Yerpún Talla 14,,14500.0,9,Pantalón
33016.0,Pantalón Buzo Yerpún Talla 16,,14500.0,9,Pantalón
33018.0,Pantalón Buzo Yerpún Talla S,,14800.0,9,Pantalón
33020.0,Pantalón Buzo Yerpún Talla M,,14800.0,9,Pantalón
33022.0,Pantalón Buzo Yerpún Talla L,,15000.0,9,Pantalón
34004.0,Polerón Azul Yerpún Talla 4,,12000.0,9,Polerón
34006.0,Polerón Azul Yerpún Talla 6,,13500.0,9,Polerón
34008.0,Polerón Azul Yerpún Talla 8,,14000.0,9,Polerón
34010.0,Polerón Azul Yerpún Talla 10,,14500.0,9,Polerón
34012.0,Polerón Azul Yerpún Talla 12,,14500.0,9,Polerón
34014.0,Polerón Azul Yerpún Talla 14,,15500.0,9,Polerón
34016.0,Polerón Azul Yerpún Talla 16,,15500.0,9,Polerón
34018.0,Polerón Azul Yerpún Talla S,,16800.0,9,Polerón
34020.0,Polerón Azul Yerpún Talla M,,16800.0,9,Polerón
34022.0,Polerón Azul Yerpún Talla L,,16800.0,9,Polerón
34024.0,Polerón Azul Yerpún Talla XL,0,17800.0,9,Polerón
35004.0,Calza Corta Gris Talla 4,,7000.0,7,Calza Gris
35006.0,Calza Corta Gris Talla 6,,7500.0,7,Calza Gris
35008.0,Calza Corta Gris Talla 8,,7500.0,7,Calza Gris
35010.0,Calza Corta Gris Talla 10,,8000.0,7,Calza Gris
35012.0,Calza Corta Gris Talla 12,,9100.0,7,Calza Gris
35014.0,Calza Corta Gris Talla 14,,9000.0,7,Calza Gris
35016.0,Calza Corta Gris Talla 16,,9000.0,7,Calza Gris
35018.0,Calza Corta Gris Talla S,,9500.0,7,Calza Gris
35020.0,Calza Corta Gris Talla M,,10000.0,7,Calza Gris
35022.0,Calza Corta Gris Talla L,,10000.0,7,Calza Gris
35024.0,Calza Corta Gris Talla Xl,,10000.0,7,Calza Gris
36004.0,Calza Larga Gris Talla 4 ,,9100.0,7,Calza Gris
36006.0,Calza Larga Gris Talla 6 ,,9600.0,7,Calza Gris
36008.0,Calza Larga Gris Talla 8,,10200.0,7,Calza Gris
36010.0,Calza Larga Gris Talla 10 ,,10200.0,7,Calza Gris
36012.0,Calza Larga Gris Talla 12 ,,11300.0,7,Calza Gris
36014.0,Calza Larga Gris Talla 14 ,,12500.0,7,Calza Gris
36016.0,Calza Larga Gris Talla 16 ,,12500.0,7,Calza Gris
36018.0,Calza Larga Gris Talla S ,,13600.0,7,Calza Gris
36020.0,Calza Larga Gris Talla M ,,14200.0,7,Calza Gris
36022.0,Calza Larga Gris Talla L ,,16000.0,7,Calza Gris
36024.0,Calza Larga Gris Talla Xl ,,18000.0,7,Calza Gris
37004.0,Polar Yerpún Talla 4,,14000.0,9,Polar
37006.0,Polar Yerpún Talla 6,,14000.0,9,Polar
37008.0,Polar Yerpún Talla 8,,14000.0,9,Polar
37010.0,Polar Yerpún Talla 10,,14000.0,9,Polar
37012.0,Polar Yerpún Talla 12,,12000.0,9,Polar
37014.0,Polar Yerpún Talla 14,,14000.0,9,Polar
37016.0,Polar Yerpún Talla 16,,14000.0,9,Polar
37018.0,Polar Yerpún Talla S,,15000.0,9,Polar
37020.0,Polar Yerpún Talla M,,15000.0,9,Polar
37022.0,Polar Yerpún Talla L,,18000.0,9,Polar
37024.0,Polar Yerpún Talla Xl,,22000.0,9,Polar
38004.0,Parka Yerpún Talla 4 ,,22000.0,9,Parka
38006.0,Parka Yerpún Talla 6 ,,22000.0,9,Parka
38008.0,Parka Yerpún Talla 8 ,,24000.0,9,Parka
38010.0,Parka Yerpún Talla 10 ,,24000.0,9,Parka
38012.0,Parka Yerpún Talla 12,,24000.0,9,Parka
38014.0,Parka Yerpún Talla 14 ,,26000.0,9,Parka
38016.0,Parka Yerpún Talla 16 ,,26000.0,9,Parka
38018.0,Parka Yerpún Talla S ,,27000.0,9,Parka
38020.0,Parka Yerpún Talla M ,,27000.0,9,Parka
38022.0,Parka Yerpún Talla L ,,28000.0,9,Parka
38024.0,Parka Yerpún Talla Xl ,,28000.0,9,Parka
41004.0,Polera Azul  Manga Corta Millantu Talla 4,,7000.0,9,Polera Manga Corta
41006.0,Polera Azul  Manga Corta Millantu Talla 6,,7000.0,9,Polera Manga Corta
41008.0,Polera Azul  Manga Corta Millantu Talla 8,,7500.0,9,Polera Manga Corta
41010.0,Polera Azul  Manga Corta Millantu Talla 10,,7500.0,9,Polera Manga Corta
41012.0,Polera Azul  Manga Corta Millantu Talla 12,,8000.0,9,Polera Manga Corta
41014.0,Polera Azul  Manga Corta Millantu Talla 14,,8500.0,9,Polera Manga Corta
41016.0,Polera Azul  Manga Corta Millantu Talla 16,,8800.0,9,Polera Manga Corta
41018.0,Polera Azul  Manga Corta Millantu Talla S,,9500.0,9,Polera Manga Corta
41020.0,Polera Azul  Manga Corta Millantu Talla M,,9800.0,9,Polera Manga Corta
41022.0,Polera Azul  Manga Corta Millantu Talla L,,10000.0,9,Polera Manga Corta
42004.0,Polera Azul  Manga Larga Millantu Talla 4 ,,8000.0,9,Polera Manga Larga
42006.0,Polera Azul  Manga Larga Millantu Talla 6 ,,8000.0,9,Polera Manga Larga
42008.0,Polera Azul  Manga Larga Millantu Talla 8,,8500.0,9,Polera Manga Larga
42010.0,Polera Azul  Manga Larga Millantu Talla 10,,8500.0,9,Polera Manga Larga
42012.0,Polera Azul  Manga Larga Millantu Talla 12 ,,9000.0,9,Polera Manga Larga
42014.0,Polera Azul  Manga Larga Millantu Talla 14 ,,9500.0,9,Polera Manga Larga
42016.0,Polera Azul  Manga Larga Millantu Talla 16 ,,9800.0,9,Polera Manga Larga
42018.0,Polera Azul  Manga Larga Millantu Talla S ,,10500.0,9,Polera Manga Larga
42020.0,Polera Azul  Manga Larga Millantu Talla M ,,10800.0,9,Polera Manga Larga
42022.0,Polera Azul  Manga Larga Millantu Talla L ,,11000.0,9,Polera Manga Larga
43004.0,Pantalón Buzo Millantu Talla 4 ,,10000.0,9,Pantalón
43006.0,Pantalón Buzo gris algodon Talla 6 ,,6000.0,7,Pantalón
43008.0,Pantalón Buzo gris algodonTalla 8 ,,7000.0,9,Pantalón
43010.0,Pantalón gris algodon Talla 10 ,,7000.0,9,Pantalón
43012.0,Pantalón Buzo gris algodon Talla 12 ,,7000.0,9,Pantalón
43014.0,Pantalón Buzo gris algodon Talla 14 ,,7000.0,9,Pantalón
43016.0,Pantalón Buzo gris algodon Talla 16 ,,14500.0,7,Pantalón
43018.0,Pantalón Buzo gris algodon Talla S ,,7000.0,7,Pantalón
43020.0,Pantalón Buzo gris algodon Talla M ,,7000.0,7,Pantalón
43022.0,Pantalón Buzo gris algodon Talla L ,,7000.0,7,Pantalón
44004.0,Polerón Azul Millantu Talla 4 ,,12000.0,9,Polerón
44006.0,Polerón Azul Millantu Talla 6 ,,13500.0,9,Polerón
44008.0,Polerón Azul Millantu Talla 8,,14000.0,9,Polerón
44010.0,Polerón Azul Millantu Talla 10,,14500.0,9,Polerón
44012.0,Polerón Azul Millantu Talla 12,,14500.0,9,Polerón
44014.0,Polerón Azul Millantu Talla 14 ,,15500.0,9,Polerón
44016.0,Polerón Azul Millantu Talla 16 ,,15500.0,9,Polerón
44018.0,Polerón Azul Millantu Talla S ,,16000.0,9,Polerón
44020.0,Polerón Azul Millantu Talla M ,,16800.0,9,Polerón
44022.0,Polerón Azul Millantu Talla L ,,16800.0,9,Polerón
44024.0,Polerón Azul Millantu Talla XL ,0,17800.0,9,Polerón
47004.0,Polar Millantu Talla 4 ,,14000.0,9,Polar
47006.0,Polar Millantu Talla 6 ,,14000.0,9,Polar
47008.0,Polar Millantu Talla 8,,14000.0,9,Polar
47010.0,Polar Millantu Talla 10,,14000.0,9,Polar
47012.0,Polar Millantu Talla 12 ,,14000.0,9,Polar
47014.0,Polar Millantu Talla 14 ,,14000.0,9,Polar
47016.0,Polar Millantu Talla 16 ,,14000.0,9,Polar
47018.0,Polar Millantu Talla S ,,15000.0,9,Polar
47020.0,Polar Millantu Talla M ,,15000.0,9,Polar
47022.0,Polar Millantu Talla L ,,18000.0,9,Polar
47024.0,Polar Millantu Talla Xl ,,22000.0,9,Polar
48004.0,Parka Millantu Talla 4,,22000.0,9,Parka
48006.0,Parka Millantu Talla 6,,22000.0,9,Parka
48008.0,Parka Millantu Talla 8,,24000.0,9,Parka
48010.0,Parka Millantu Talla 10,,24000.0,9,Parka
48012.0,Parka Millantu Talla 12,,24000.0,9,Parka
48014.0,Parka Millantu Talla 14,,26000.0,9,Parka
48016.0,Parka Millantu Talla 16,,26000.0,9,Parka
48018.0,Parka Millantu Talla S,,27000.0,9,Parka
48020.0,Parka Millantu Talla M,,27000.0,9,Parka
48022.0,Parka Millantu Talla L,,28000.0,9,Parka
48024.0,Parka Millantu Talla Xl,,28000.0,9,Parka
50004.0,Buzo Deportivo Los Leones Talla 4,,10000.0,,
50006.0,Buzo Deportivo Los Leones Talla 6,,10000.0,,
50008.0,Buzo Deportivo Los Leones Talla 8,,10000.0,,
50010.0,Buzo Deportivo Los Leones Talla 10,,10000.0,,
50012.0,Buzo Deportivo Los Leones Talla 12,,10000.0,,
50014.0,Buzo Deportivo Los Leones Talla 14,,10000.0,,
50016.0,Buzo Deportivo Los Leones Talla 16,,10000.0,,
50018.0,Buzo Deportivo Los Leones Talla S,,10000.0,,
50020.0,Buzo Deportivo Los Leones Talla M,,10000.0,,
50022.0,Buzo Deportivo Los Leones Talla L,,10000.0,,
51004.0,Polera Pique Manga Corta Los Leones Talla 4,,8000.0,,
51006.0,Polera Pique Manga Corta Los Leones Talla 6,,8000.0,,
51008.0,Polera Pique Manga Corta Los Leones Talla 8,,8500.0,,
51010.0,Polera Pique Manga Corta Los Leones Talla 10,,8800.0,,
51012.0,Polera Pique Manga Corta Los Leones Talla 12,,8800.0,,
51014.0,Polera Pique Manga Corta Los Leones Talla 14,,9300.0,,
51016.0,Polera Pique Manga Corta Los Leones Talla 16,,9800.0,,
51018.0,Polera Pique Manga Corta Los Leones Talla S,,10800.0,,
51020.0,Polera Pique Manga Corta Los Leones Talla M,,11800.0,,
51022.0,Polera Pique Manga Corta Los Leones Talla L,,12300.0,,
51024.0,Polera Pique Manga Corta Los Leones Talla Xl,,12800.0,,
52004.0,Polera Pique Manga Larga Los Leones Talla 4,,9000.0,,
52006.0,Polera Pique Manga Larga Los Leones Talla 6,,9000.0,,
52008.0,Polera Pique Manga Larga Los Leones Talla 8,,9500.0,,
52010.0,Polera Pique Manga Larga Los Leones Talla 10,,9800.0,,
52012.0,Polera Pique Manga Larga Los Leones Talla 12,,9800.0,,
52014.0,Polera Pique Manga Larga Los Leones Talla 14,,10300.0,,
52016.0,Polera Pique Manga Larga Los Leones Talla 16,,10800.0,,
52018.0,Polera Pique Manga Larga Los Leones Talla S,,11800.0,,
52020.0,Polera Pique Manga Larga Los Leones Talla M,,12800.0,,
52022.0,Polera Pique Manga Larga Los Leones Talla L,,13300.0,,
53004.0,Polera Polo Manga Corta Los Leones Talla 4,,7000.0,,
53006.0,Polera Polo Manga Corta Los Leones Talla 6,,7000.0,,
53008.0,Polera Polo Manga Corta Los Leones Talla 8,,7500.0,,
53010.0,Polera Polo Manga Corta Los Leones Talla 10,,7800.0,,
53012.0,Polera Polo Manga Corta Los Leones Talla 12,,7800.0,,
53014.0,Polera Polo Manga Corta Los Leones Talla 14,,8300.0,,
53016.0,Polera Polo Manga Corta Los Leones Talla 16,,8800.0,,
53018.0,Polera Polo Manga Corta Los Leones Talla S,,9000.0,,
53020.0,Polera Polo Manga Corta Los Leones Talla M,,9300.0,,
53022.0,Polera Polo Manga Corta Los Leones Talla L,,9500.0,,
54004.0,Polera Polo Manga Larga Los Leones Talla 4 ,,8000.0,,
54006.0,Polera Polo Manga Larga Los Leones Talla 6 ,,8000.0,,
54008.0,Polera Polo Manga Larga Los Leones Talla 8 ,,8500.0,,
54010.0,Polera Polo Manga Larga Los Leones Talla 10 ,,8800.0,,
54012.0,Polera Polo Manga Larga Los Leones Talla 12 ,,8800.0,,
54014.0,Polera Polo Manga Larga Los Leones Talla 14 ,,9300.0,,
54016.0,Polera Polo Manga Larga Los Leones Talla 16 ,,9800.0,,
54018.0,Polera Polo Manga Larga Los Leones Talla S ,,10000.0,,
54020.0,Polera Polo Manga Larga Los Leones Talla M ,,10300.0,,
54022.0,Polera Polo Manga Larga Los Leones Talla L ,,10500.0,,
55004.0,Parka Los Leones Talla 4,,10000.0,,
55006.0,Parka Los Leones Talla 6,,10000.0,,
55008.0,Parka Los Leones Talla 8,,10000.0,,
55010.0,Parka Los Leones Talla 10,,10000.0,,
55012.0,Parka Los Leones Talla 12,,10000.0,,
55014.0,Parka Los Leones Talla 14,,10000.0,,
55016.0,Parka Los Leones Talla 16,,10000.0,,
55018.0,Parka Los Leones Talla S,,10000.0,,
55020.0,Parka Los Leones Talla M,,10000.0,,
55022.0,Parka Los Leones Talla L,,21800.0,,
56004.0,Pantalón Buzo Los Leones Talla 4,,5000.0,,
56006.0,Pantalón Buzo Los Leones Talla 6,,5000.0,,
56008.0,Pantalón Buzo Los Leones Talla 8,,5000.0,,
56010.0,Pantalón Buzo Los Leones Talla 10,,5000.0,,
56012.0,Pantalón Buzo Los Leones Talla 12,,5000.0,,
56014.0,Pantalón Buzo Los Leones Talla 14,,5000.0,,
56016.0,Pantalón Buzo Los Leones Talla 16,,5000.0,,
56018.0,Pantalón Buzo Los Leones Talla S,,5000.0,,
56020.0,Pantalón Buzo Los Leones Talla M,,5000.0,,
56022.0,Pantalón Buzo Los Leones Talla L,,5000.0,,
56024.0,Pantalón Buzo Los Leones Talla Xl,,5000.0,,
57004.0,Chaqueta Buzo Los Leones Talla 4,,5000.0,,
57006.0,Chaqueta Buzo Los Leones Talla 6,,5000.0,,
57008.0,Chaqueta Buzo Los Leones Talla 8,,5000.0,,
57010.0,Chaqueta Buzo Los Leones Talla 10,,5000.0,,
57012.0,Chaqueta Buzo Los Leones Talla 12,,5000.0,,
57014.0,Chaqueta Buzo Los Leones Talla 14,,5000.0,,
57016.0,Chaqueta Buzo Los Leones Talla 16,,5000.0,,
57018.0,Chaqueta Buzo Los Leones Talla S,,5000.0,,
57020.0,Chaqueta Buzo Los Leones Talla M,,5000.0,,
57022.0,Chaqueta Buzo Los Leones Talla L ,,5000.0,,
57024.0,Chaqueta Buzo Los Leones Talla Xl,,5000.0,,
58004.0,Falda Azul Marino Talla 4,,16500.0,7,Falda
58006.0,Falda Azul Marino Talla 6,,17000.0,7,Falda
58008.0,Falda Azul Marino Talla 8,,17500.0,7,Falda
58010.0,Falda Azul Marino Talla 10,,17500.0,7,Falda
58012.0,Falda Azul Marino Talla 12,,18000.0,7,Falda
58014.0,Falda Azul Marino Talla 14,,18000.0,7,Falda
58016.0,Falda Azul Marino Talla 16,,18500.0,7,Falda
58018.0,Falda Azul Marino Talla S,,18500.0,7,Falda
58020.0,Falda Azul Marino Talla M,,19500.0,7,Falda
58022.0,Falda Azul Marino Talla L,,20000.0,7,Falda
58024.0,Falda Azul Marino Talla Xl,,21500.0,7,Falda
59004.0,Delantal Cuadrille Azul Talla 4,,12500.0,7,Delantal 
59006.0,Delantal Cuadrille Azul Talla 6,,12500.0,7,Delantal 
59008.0,Delantal Cuadrille Azul Talla 8,,13000.0,7,Delantal 
59010.0,Delantal Cuadrille Azul Talla 10,,13500.0,7,Delantal 
59012.0,Delantal Cuadrille Azul Talla 12,,14500.0,7,Delantal 
59014.0,Delantal Cuadrille Azul Talla 14,,15000.0,7,Delantal 
59016.0,Delantal Cuadrille Azul Talla 16,,16500.0,7,Delantal 
59018.0,Delantal Cuadrille Azul Talla S,,16500.0,7,Delantal 
59104.0,Delantal Azul Rey talla 4,0,9000.0,7,Delantal azul
59106.0,Delantal Azul Rey talla 6,0,9500.0,7,Delantal azul
59108.0,Delantal Azul Rey talla 8,0,10500.0,7,Delantal azul
59110.0,Delantal Azul Rey Talla 10,0,10000.0,7,Delantal azul
59112.0,Delantal Azul Rey Talla 12,0,10000.0,7,Delantal azul
59114.0,Delantal Azul Rey Talla 14,0,10500.0,7,Delantal azul
59116.0,Delantal Azul Rey Talla 16 ,0,11000.0,7,Delantal azul
59118.0,Delantal Azul Rey Talla S,0,12000.0,7,Delantal azul
59120.0,Delantal Azul Rey Talla M,0,12500.0,7,Delantal azul
59122.0,Delantal Azul Rey Talla L,0,12500.0,7,Delantal azul
59204.0,Cotona Azul Rey Talla 4,0,10000.0,7,Cotona
59206.0,Cotona Azul Rey Talla 6,0,10000.0,7,Cotona
59208.0,Cotona Azul Rey Talla 8,0,10000.0,7,Cotona
59210.0,Cotona Azul Rey Talla 10,0,10000.0,7,Cotona
59212.0,Cotona Azul Rey Talla 12,0,10000.0,7,Cotona
87002.0,Short Solríe Talla 2,,6000.0,6,Short
87003.0,Short Solríe Talla 3,,6000.0,6,Short
87004.0,Short Solríe Talla 4,,7000.0,6,Short
87006.0,Short Solríe Talla 6,,7000.0,6,Short
87008.0,Short Solríe Talla 8,,7500.0,6,Short
87010.0,Short Solríe Talla 10,,7500.0,6,short
88002.0,Calza Corta Solríe Talla 2,,6000.0,6,Calza
88003.0,Calza Corta Solríe Talla 3,,6000.0,6,Calza
88004.0,Calza Corta Solríe Talla 4,,7000.0,6,calza
88006.0,Calza Corta Solríe Talla 6,,7000.0,6,calza
88008.0,Calza Corta Solríe Talla 8,,7500.0,6,calza
88010.0,Calza Corta Solríe Talla 10,,7500.0,6,calza
89002.0,Calza Larga Solríe Talla 2 ,,8000.0,6,calza larga
89003.0,Calza Larga Solríe Talla 3 ,,8000.0,6,calza larga
89004.0,Calza Larga Solríe Talla 4 ,,10200.0,6,calza larga
89006.0,Calza Larga Solríe Talla 6 ,,10200.0,6,calza larga
89008.0,Calza Larga Solríe Talla 8 ,,10800.0,6,calza larga
89010.0,Calza Larga Solríe Talla 10 ,,11300.0,6,calza larga
96003.0,Corbata Niño Juan Xxiii,0,5100.0,0,
96004.0,Corbata Niño Juan Xxiii,0,4500.0,0,
96005.0,Corbata Adulto Juan Xxiii,0,5000.0,0,
97004.0,Delantal Blanco Talla 4,0,12500.0,7,Delantal Blanco
97006.0,Delantal Blanco Talla 6,0,12500.0,7,Delantal Blanco
97008.0,Delantal Blanco Talla 8,,13000.0,7,Delantal Blanco
97010.0,Delantal Blanco Talla 10,,13500.0,7,Delantal Blanco
97012.0,Delantal Blanco Talla 12,,14500.0,7,Delantal Blanco
97014.0,Delantal Blanco Talla 14,,15000.0,7,Delantal Blanco
97016.0,Delantal Blanco Talla 16,,16500.0,7,Delantal Blanco
97018.0,Delantal Blanco Talla S,,18000.0,7,Delantal Blanco
97020.0,Delantal Blanco Talla M,,18000.0,7,Delantal Blanco
97022.0,Delantal Blanco Talla L,,18500.0,7,Delantal Blanco
97024.0,Delantal Blanco Talla XL,,20500.0,7,Delantal Blanco
97026.0,Delantal Blanco Talla XXL,0,21000.0,7,Delantal Blanco
97038.0,Delantal Blanco Talla 38,0,18000.0,7,Delantal Blanco
97040.0,Delantal Blanco Talla 40,0,18000.0,7,Delantal Blanco
97042.0,Delantal Blanco Talla 42,0,18500.0,7,Delantal Blanco
97044.0,Delantal Blanco Talla 44,0,20500.0,7,Delantal Blanco
97046.0,Delantal Blanco Talla 46,0,20500.0,7,Delantal Blanco
97048.0,Delantal Blanco Talla 48,0,21000.0,7,Delantal Blanco
97050.0,Delantal Blanco Talla 50,0,21500.0,7,Delantal Blanco
97052.0,Delantal Blanco Talla 52,0,22000.0,7,Delantal Blanco
98004.0,Cotona Blanca Talla 4,0,12500.0,7,Cotona
98006.0,Cotona Blanca Talla 6,0,12500.0,7,Cotona
98008.0,Cotona Blanca Talla 8,,13500.0,7,Cotona
98010.0,Cotona Blanca Talla 10,,13500.0,7,Cotona
98012.0,Cotona Blanca Talla 12,,14500.0,7,Cotona
98014.0,Cotona Blanca Talla 14,,14500.0,7,Cotona
98016.0,Cotona Blanca Talla 16,,15500.0,7,Cotona
98018.0,Cotona Blanca Talla S,,17000.0,7,Cotona
98020.0,Cotona Blanca Talla M,,18000.0,7,Cotona
98022.0,Cotona Blanca Talla L,,18500.0,7,Cotona
98024.0,Cotona Blanca Talla XL,,20500.0,7,Cotona
98038.0,Cotona blanca talla 38,0,16500.0,7,cotona
98040.0,Cotona blancaTalla 40,0,17000.0,7,cotona
98042.0,Cotona blanca talla 42,0,18000.0,7,cotona
98044.0,Cotona blanca talla 44,0,18500.0,7,cotona
98046.0,Cotona blanca talla 46,0,18500.0,7,cotona
98048.0,Cotona blanca talla 48,0,20500.0,7,cotona
98050.0,Cotona blanca talla 50,0,20500.0,7,cotona
98052.0,Cotona blanca talla 52,0,22000.0,7,cotona
99003.0,Delantal De Párvulo Talla 3,,8000.0,,
99004.0,Delantal De Párvulo Talla 4,,8000.0,,
99006.0,Delantal De Párvulo Talla 6,,8500.0,,
99008.0,Delantal De Párvulo Talla 8,,8500.0,,
3508.0,Pantalon buzo talla 8 Alonqueo,0,13500.0,7,Pantalon buzo
3108.0,Patka Jardin Al Talla 8,0,32000.0,7,parkas
3708.0,Polera manga corta Jardin Al talla 8,0,12000.0,7,Poleras
3808.0,Polera manga larga Jardin Al talla 8,0,14800.0,7,Poleras
3908.0,Poleron jardin Al talla 8,0,15500.0,7,Poleron
3909.0,Polera polo blanca Talla 8,0,9500.0,7,poleras
4826.0,Pnatalon buzo NH talla XXL,0,18000.0,3,pantalon buzo
1234.0,Bolsa papel,0,200.0,1,7
32304.0,Pantalon buzo LR talla 4,0,12000.0,1,Pantalon Buzo
32306.0,Pantaon buzo LR talla 6,0,12500.0,1,Pantalon Buzo
32308.0,Pantaon buzo LR Talla 8,0,13000.0,1,Chaqueta 
32316.0,Pantaon buzo LR talla 16,0,15000.0,1,Pantalon Buzo
32310.0,Pantaon buzo LR talla 10,0,13500.0,1,Pantalon Buzo
32312.0,Pantaon buzo LR talla 12,0,14000.0,1,Pantalon Buzo
32314.0,Pantaon buzo LR talla 14,0,14500.0,1,Pantalon Buzo
32318.0,Pantaon buzo LR talla S,0,15500.0,1,Pantalon Buzo
32320.0,Pantaon buzo LR talla M,0,16000.0,1,Pantalon Buzo
32324.0,Pantaon buzo LR talla XL,0,17000.0,1,Pantalon Buzo 
32322.0,Pantaon buzo LR talla L,0,16500.0,1,Pantalon Buzo
32404.0,Chaqueta buzo LR Talla 4,0,15000.0,1,Chaquetas
32406.0,Chaqueta buzo LR Talla 6,0,15500.0,1,Chaqueta
32410.0,Chaqueta buzo LR Talla 10,0,16500.0,1,Chaqueta
32412.0,Chaqueta buzo LR Talla 12,0,17000.0,1,Chaqueta
32414.0,Chaqueta buzo LR Talla 14,0,17500.0,1,Chaqueta
32416.0,Chaqueta buzo LR Talla 16,0,18000.0,1,Chaqueta
32418.0,Chaqueta buzo LR Talla S,0,18500.0,1,Chaqueta
32420.0,Chaqueta buzo LR Talla M,0,19000.0,1,Chaqueta
32422.0,Chaqueta buzo LR Talla L,0,19500.0,1,Chaqueta
32424.0,Chaqueta buzo LR Talla XL,0,20000.0,1,Chaqueta
31504.0,Poleron canguro talla 4,0,17000.0,1,Polerón Azul
31506.0,Poleron canguro talla 6,0,17000.0,1,Poleron azul
31508.0,Poleron canguro talla 6,0,18000.0,1,Poleron azul
31510.0,Poleron canguro talla 10,0,18500.0,1,Poleron azul
31512.0,Poleron canguro talla 12,0,19000.0,1,Poleron azul
31514.0,Poleron canguro talla 14,0,19500.0,1,Poleron azul
31516.0,Poleron canguro talla 6,0,21000.0,1,Poleron azul
31518.0,Poleron canguro talla S,0,22500.0,1,Poleron azul
31520.0,Poleron canguro talla M,0,24000.0,1,Poleron azul
31522.0,Poleron canguro talla L,0,25500.0,1,Poleron azul
31524.0,Poleron canguro talla XL,0,27000.0,1,Poleron azul
31526.0,Poleron canguro talla XXL,0,28500.0,1,Poleron azul
32328.0,Pantalo buzo LR talla XXXL,0,18000.0,1,Pantalon buzo
32326.0,Pantaon buzo LR talla XXL,0,17500.0,1,Pantalon buzo
7802.0,jockey ciecc rojo,0,5500.0,5,jockey
32408.0,Chaqueta buzo LR Talla 8,0,16000.0,1,Chaqueta 
31312.0,Polera deporte LR talla 12,0,14000.0,1,Poleras
31314.0,Polera deporte LR talla 14,0,14500.0,1,Poleras
31304.0,Polera deporte LR talla 4,0,12000.0,1,poleras
31306.0,Polera deporte LR talla 6,0,12500.0,1,Poleras
31308.0,Polera deporte LR talla 8,0,13000.0,1,Poleras
31310.0,Polera deporte LR talla 10,0,13500.0,1,Poleras
31316.0,Polera deporte LR talla 16,0,15000.0,1,Polera
31318.0,Polera deporte LR talla S,0,15500.0,1,Poleras
31320.0,Polera deporte LR talla M,0,16000.0,1,Poleras
31322.0,Polera deporte LR talla L,0,16500.0,1,Poleras
31324.0,Polera deporte LR talla XL,0,17000.0,1,Poleras
