id,product_id,title,sku,barcode,hs_code,origin_country,mid_code,material,weight,length,height,width,allow_backorder,manage_inventory,inventory_quantity,prices,option_1,option_2,option_3
var_1_1,prod_1,Falda Gris - VARIOS COLEGIOS - Talla 6,21,,,CL,,,,,,,True,True,100,17000,6,,
var_1_2,prod_1,Falda Gris - VARIOS COLEGIOS - Talla 4,2104,,,CL,,,,,,,True,True,100,16500,4,,
var_1_3,prod_1,Falda Gris - VARIOS COLEGIOS - Talla 6,2106,,,CL,,,,,,,True,True,100,17000,6,,
var_1_4,prod_1,Falda Gris - VARIOS COLEGIOS - Talla 8,2108,,,CL,,,,,,,True,True,100,17500,8,,
var_1_5,prod_1,Falda Gris - VARIOS COLEGIOS - Talla 10,2110,,,CL,,,,,,,True,True,100,17500,10,,
var_1_6,prod_1,Falda Gris - VARIOS COLEGIOS - Talla 12,2112,,,CL,,,,,,,True,True,100,18000,12,,
var_1_7,prod_1,Falda Gris - VARIOS COLEGIOS - Talla 14,2114,,,CL,,,,,,,True,True,100,18000,14,,
var_1_8,prod_1,Falda Gris - VARIOS COLEGIOS - Talla 16,2116,,,CL,,,,,,,True,True,100,18500,16,,
var_1_9,prod_1,Falda Gris - VARIOS COLEGIOS - Talla 38,2138,,,CL,,,,,,,True,True,100,18500,38,,
var_1_10,prod_1,Falda Gris - VARIOS COLEGIOS - Talla 40,2140,,,CL,,,,,,,True,True,100,19500,40,,
var_1_11,prod_1,Falda Gris - VARIOS COLEGIOS - Talla 42,2142,,,CL,,,,,,,True,True,100,20000,42,,
var_1_12,prod_1,Falda Gris - VARIOS COLEGIOS - Talla 44,2144,,,CL,,,,,,,True,True,100,21500,44,,
var_1_13,prod_1,Falda Gris - VARIOS COLEGIOS - Talla 46,2146,,,CL,,,,,,,True,True,100,22000,46,,
var_1_14,prod_1,Falda Gris - VARIOS COLEGIOS - Talla 48,2148,,,CL,,,,,,,True,True,100,22000,48,,
var_1_15,prod_1,Falda Gris - VARIOS COLEGIOS - Talla 50,2150,,,CL,,,,,,,True,True,100,22000,50,,
var_1_16,prod_1,Falda Gris - VARIOS COLEGIOS - Talla 52,2152,,,CL,,,,,,,True,True,100,22000,52,,
var_1_17,prod_1,Falda Gris - VARIOS COLEGIOS - Talla 54,2154,,,CL,,,,,,,True,True,100,22000,54,,
var_1_18,prod_1,Falda Gris - VARIOS COLEGIOS - Talla 56,2156,,,CL,,,,,,,True,True,100,22000,56,,
var_2_1,prod_2,Polera Azul Manga Cor - COLEGIO LOS REYES - Talla 4,1104,,,CL,,,,,,,True,True,100,12500,4,,
var_2_2,prod_2,Polera Azul Manga Cor - COLEGIO LOS REYES - Talla 6,1106,,,CL,,,,,,,True,True,100,13000,6,,
var_2_3,prod_2,Polera Azul Manga Cor - COLEGIO LOS REYES - Talla 8,1108,,,CL,,,,,,,True,True,100,14000,8,,
var_2_4,prod_2,Polera Azul Manga Cor - COLEGIO LOS REYES - Talla 10,1110,,,CL,,,,,,,True,True,100,14500,10,,
var_2_5,prod_2,Polera Azul Manga Cor - COLEGIO LOS REYES - Talla 12,1112,,,CL,,,,,,,True,True,100,15000,12,,
var_2_6,prod_2,Polera Azul Manga Cor - COLEGIO LOS REYES - Talla 14,1114,,,CL,,,,,,,True,True,100,15500,14,,
var_2_7,prod_2,Polera Azul Manga Cor - COLEGIO LOS REYES - Talla 16,1116,,,CL,,,,,,,True,True,100,16000,16,,
var_2_8,prod_2,Polera Azul Manga Cor - COLEGIO LOS REYES - Talla S,1118,,,CL,,,,,,,True,True,100,17000,S,,
var_2_9,prod_2,Polera Azul Manga Cor - COLEGIO LOS REYES - Talla M,1120,,,CL,,,,,,,True,True,100,18000,M,,
var_2_10,prod_2,Polera Azul Manga Cor - COLEGIO LOS REYES - Talla L,1122,,,CL,,,,,,,True,True,100,18500,L,,
var_2_11,prod_2,Polera Azul Manga Cor - COLEGIO LOS REYES - Talla XL,1124,,,CL,,,,,,,True,True,100,19000,XL,,
var_2_12,prod_2,Polera Azul Manga Cor - COLEGIO LOS REYES - Talla XXL,1126,,,CL,,,,,,,True,True,100,20000,XXL,,
var_3_1,prod_3,Polera Azul Manga Larga - COLEGIO LOS REYES - Talla 4,1204,,,CL,,,,,,,True,True,100,14000,4,,
var_3_2,prod_3,Polera Azul Manga Larga - COLEGIO LOS REYES - Talla 6,1206,,,CL,,,,,,,True,True,100,14500,6,,
var_3_3,prod_3,Polera Azul Manga Larga - COLEGIO LOS REYES - Talla 8,1208,,,CL,,,,,,,True,True,100,15000,8,,
var_3_4,prod_3,Polera Azul Manga Larga - COLEGIO LOS REYES - Talla 10,1210,,,CL,,,,,,,True,True,100,15490,10,,
var_3_5,prod_3,Polera Azul Manga Larga - COLEGIO LOS REYES - Talla 12,1212,,,CL,,,,,,,True,True,100,15490,12,,
var_3_6,prod_3,Polera Azul Manga Larga - COLEGIO LOS REYES - Talla 14,1214,,,CL,,,,,,,True,True,100,15990,14,,
var_3_7,prod_3,Polera Azul Manga Larga - COLEGIO LOS REYES - Talla 16,1216,,,CL,,,,,,,True,True,100,15990,16,,
var_3_8,prod_3,Polera Azul Manga Larga - COLEGIO LOS REYES - Talla S,1218,,,CL,,,,,,,True,True,100,16990,S,,
var_3_9,prod_3,Polera Azul Manga Larga - COLEGIO LOS REYES - Talla M,1220,,,CL,,,,,,,True,True,100,16990,M,,
var_3_10,prod_3,Polera Azul Manga Larga - COLEGIO LOS REYES - Talla L,1222,,,CL,,,,,,,True,True,100,16990,L,,
var_3_11,prod_3,Polera Azul Manga Larga - COLEGIO LOS REYES - Talla XL,1224,,,CL,,,,,,,True,True,100,17500,XL,,
var_3_12,prod_3,Polera Azul Manga Larga - COLEGIO LOS REYES - Talla XXL,1226,,,CL,,,,,,,True,True,100,18500,XXL,,
var_4_1,prod_4,Polera Gris Manga Cor - COLEGIO LOS REYES - Talla 4,1304,,,CL,,,,,,,True,True,100,4250,4,,
var_4_2,prod_4,Polera Gris Manga Cor - COLEGIO LOS REYES - Talla 6,1306,,,CL,,,,,,,True,True,100,4500,6,,
var_4_3,prod_4,Polera Gris Manga Cor - COLEGIO LOS REYES - Talla 8,1308,,,CL,,,,,,,True,True,100,4800,8,,
var_4_4,prod_4,Polera Gris Manga Cor - COLEGIO LOS REYES - Talla 10,1310,,,CL,,,,,,,True,True,100,5000,10,,
var_4_5,prod_4,Polera Gris Manga Cor - COLEGIO LOS REYES - Talla 12,1312,,,CL,,,,,,,True,True,100,5250,12,,
var_4_6,prod_4,Polera Gris Manga Cor - COLEGIO LOS REYES - Talla 14,1314,,,CL,,,,,,,True,True,100,5500,14,,
var_4_7,prod_4,Polera Gris Manga Cor - COLEGIO LOS REYES - Talla 16,1316,,,CL,,,,,,,True,True,100,5500,16,,
var_4_8,prod_4,Polera Gris Manga Cor - COLEGIO LOS REYES - Talla S,1318,,,CL,,,,,,,True,True,100,5750,S,,
var_4_9,prod_4,Polera Gris Manga Cor - COLEGIO LOS REYES - Talla M,1320,,,CL,,,,,,,True,True,100,5750,M,,
var_4_10,prod_4,Polera Gris Manga Cor - COLEGIO LOS REYES - Talla L,1322,,,CL,,,,,,,True,True,100,6000,L,,
var_4_11,prod_4,Polera Gris Manga Cor - COLEGIO LOS REYES - Talla XL,1324,,,CL,,,,,,,True,True,100,6000,XL,,
var_4_12,prod_4,Polera Gris Manga Cor - COLEGIO LOS REYES - Talla XXL,1326,,,CL,,,,,,,True,True,100,6000,XXL,,
var_5_1,prod_5,Polera Gris Manga Larga - COLEGIO LOS REYES - Talla 4,1404,,,CL,,,,,,,True,True,100,6800,4,,
var_5_2,prod_5,Polera Gris Manga Larga - COLEGIO LOS REYES - Talla 6,1406,,,CL,,,,,,,True,True,100,7100,6,,
var_5_3,prod_5,Polera Gris Manga Larga - COLEGIO LOS REYES - Talla 8,1408,,,CL,,,,,,,True,True,100,7350,8,,
var_5_4,prod_5,Polera Gris Manga Larga - COLEGIO LOS REYES - Talla 10,1410,,,CL,,,,,,,True,True,100,7650,10,,
var_5_5,prod_5,Polera Gris Manga Larga - COLEGIO LOS REYES - Talla 12,1412,,,CL,,,,,,,True,True,100,7950,12,,
var_5_6,prod_5,Polera Gris Manga Larga - COLEGIO LOS REYES - Talla 14,1414,,,CL,,,,,,,True,True,100,8200,14,,
var_5_7,prod_5,Polera Gris Manga Larga - COLEGIO LOS REYES - Talla 16,1416,,,CL,,,,,,,True,True,100,8500,16,,
var_5_8,prod_5,Polera Gris Manga Larga - COLEGIO LOS REYES - Talla S,1418,,,CL,,,,,,,True,True,100,8800,S,,
var_5_9,prod_5,Polera Gris Manga Larga - COLEGIO LOS REYES - Talla M,1420,,,CL,,,,,,,True,True,100,8800,M,,
var_5_10,prod_5,Polera Gris Manga Larga - COLEGIO LOS REYES - Talla L,1422,,,CL,,,,,,,True,True,100,9000,L,,
var_5_11,prod_5,Polera Gris Manga Larga - COLEGIO LOS REYES - Talla XL,1424,,,CL,,,,,,,True,True,100,9000,XL,,
var_5_12,prod_5,Polera Gris Manga Larga - COLEGIO LOS REYES - Talla XXL,1426,,,CL,,,,,,,True,True,100,9250,XXL,,
var_6_1,prod_6,Polerón Azul - COLEGIO LOS REYES - Talla 4,1504,,,CL,,,,,,,True,True,100,8000,4,,
var_6_2,prod_6,Polerón Azul - COLEGIO LOS REYES - Talla 6,1506,,,CL,,,,,,,True,True,100,8000,6,,
var_6_3,prod_6,Polerón Azul - COLEGIO LOS REYES - Talla 8,1508,,,CL,,,,,,,True,True,100,8500,8,,
var_6_4,prod_6,Polerón Azul - COLEGIO LOS REYES - Talla 10,1510,,,CL,,,,,,,True,True,100,8750,10,,
var_6_5,prod_6,Polerón Azul - COLEGIO LOS REYES - Talla 12,1512,,,CL,,,,,,,True,True,100,9000,12,,
var_6_6,prod_6,Polerón Azul - COLEGIO LOS REYES - Talla 14,1514,,,CL,,,,,,,True,True,100,9250,14,,
var_6_7,prod_6,Polerón Azul - COLEGIO LOS REYES - Talla 16,1516,,,CL,,,,,,,True,True,100,9500,16,,
var_6_8,prod_6,Polerón Azul - COLEGIO LOS REYES - Talla S,1518,,,CL,,,,,,,True,True,100,10000,S,,
var_6_9,prod_6,Polerón Azul - COLEGIO LOS REYES - Talla M,1520,,,CL,,,,,,,True,True,100,10250,M,,
var_6_10,prod_6,Polerón Azul - COLEGIO LOS REYES - Talla L,1522,,,CL,,,,,,,True,True,100,10500,L,,
var_6_11,prod_6,Polerón Azul - COLEGIO LOS REYES - Talla XL,1524,,,CL,,,,,,,True,True,100,11000,XL,,
var_6_12,prod_6,Polerón Azul - COLEGIO LOS REYES - Talla 4,31504,,,CL,,,,,,,True,True,100,17000,4,,
var_7_1,prod_7,Poleron Azul - COLEGIO LOS REYES - Talla XXL,1526,,,CL,,,,,,,True,True,100,11500,XXL,,
var_8_1,prod_8,Polerón Gris - COLEGIO LOS REYES - Talla 4,1604,,,CL,,,,,,,True,True,100,8000,4,,
var_8_2,prod_8,Polerón Gris - COLEGIO LOS REYES - Talla 6,1606,,,CL,,,,,,,True,True,100,8000,6,,
var_8_3,prod_8,Polerón Gris - COLEGIO LOS REYES - Talla 8,1608,,,CL,,,,,,,True,True,100,8500,8,,
var_8_4,prod_8,Polerón Gris - COLEGIO LOS REYES - Talla 10,1610,,,CL,,,,,,,True,True,100,8750,10,,
var_8_5,prod_8,Polerón Gris - COLEGIO LOS REYES - Talla 12,1612,,,CL,,,,,,,True,True,100,9000,12,,
var_8_6,prod_8,Polerón Gris - COLEGIO LOS REYES - Talla 14,1614,,,CL,,,,,,,True,True,100,9250,14,,
var_8_7,prod_8,Polerón Gris - COLEGIO LOS REYES - Talla 16,1616,,,CL,,,,,,,True,True,100,9500,16,,
var_8_8,prod_8,Polerón Gris - COLEGIO LOS REYES - Talla S,1618,,,CL,,,,,,,True,True,100,10000,S,,
var_8_9,prod_8,Polerón Gris - COLEGIO LOS REYES - Talla M,1620,,,CL,,,,,,,True,True,100,10250,M,,
var_8_10,prod_8,Polerón Gris - COLEGIO LOS REYES - Talla L,1622,,,CL,,,,,,,True,True,100,10500,L,,
var_8_11,prod_8,Polerón Gris - COLEGIO LOS REYES - Talla XL,1624,,,CL,,,,,,,True,True,100,11000,XL,,
var_8_12,prod_8,Polerón Gris - COLEGIO LOS REYES - Talla XXL,1626,,,CL,,,,,,,True,True,100,11500,XXL,,
var_9_1,prod_9,Calza Cor - VARIOS COLEGIOS - Talla 4,1704,,,CL,,,,,,,True,True,100,6000,4,,
var_9_2,prod_9,Calza Cor - VARIOS COLEGIOS - Talla 6,1706,,,CL,,,,,,,True,True,100,7000,6,,
var_9_3,prod_9,Calza Cor - VARIOS COLEGIOS - Talla 8,1708,,,CL,,,,,,,True,True,100,7000,8,,
var_9_4,prod_9,Calza Cor - VARIOS COLEGIOS - Talla 10,1710,,,CL,,,,,,,True,True,100,7000,10,,
var_9_5,prod_9,Calza Cor - VARIOS COLEGIOS - Talla 12,1712,,,CL,,,,,,,True,True,100,7000,12,,
var_9_6,prod_9,Calza Cor - VARIOS COLEGIOS - Talla 14,1714,,,CL,,,,,,,True,True,100,8000,14,,
var_9_7,prod_9,Calza Cor - VARIOS COLEGIOS - Talla 16,1716,,,CL,,,,,,,True,True,100,8000,16,,
var_9_8,prod_9,Calza Cor - VARIOS COLEGIOS - Talla S,1718,,,CL,,,,,,,True,True,100,8500,S,,
var_9_9,prod_9,Calza Cor - VARIOS COLEGIOS - Talla M,1720,,,CL,,,,,,,True,True,100,9000,M,,
var_9_10,prod_9,Calza Cor - VARIOS COLEGIOS - Talla L,1722,,,CL,,,,,,,True,True,100,9000,L,,
var_9_11,prod_9,Calza Cor - VARIOS COLEGIOS - Talla XL,1724,,,CL,,,,,,,True,True,100,10000,XL,,
var_9_12,prod_9,Calza Cor - VARIOS COLEGIOS - Talla XXL,1726,,,CL,,,,,,,True,True,100,11900,XXL,,
var_9_13,prod_9,Calza Cor - VARIOS COLEGIOS - Talla 2,3402,,,CL,,,,,,,True,True,100,7500,2,,
var_9_14,prod_9,Calza Cor - VARIOS COLEGIOS - Talla 3,3403,,,CL,,,,,,,True,True,100,7500,3,,
var_9_15,prod_9,Calza Cor - VARIOS COLEGIOS - Talla 4,3404,,,CL,,,,,,,True,True,100,7500,4,,
var_9_16,prod_9,Calza Cor - VARIOS COLEGIOS - Talla 6,3406,,,CL,,,,,,,True,True,100,7500,6,,
var_9_17,prod_9,Calza Cor - VARIOS COLEGIOS - Talla 8,3408,,,CL,,,,,,,True,True,100,7500,8,,
var_9_18,prod_9,Calza Cor - VARIOS COLEGIOS - Talla 10,3410,,,CL,,,,,,,True,True,100,8000,10,,
var_9_19,prod_9,Calza Cor - VARIOS COLEGIOS - Talla 14,3414,,,CL,,,,,,,True,True,100,8500,14,,
var_9_20,prod_9,Calza Cor - VARIOS COLEGIOS - Talla 16,3416,,,CL,,,,,,,True,True,100,9000,16,,
var_10_1,prod_10,calzas - VARIOS COLEGIOS - Talla 3XL,1728,,,CL,,,,,,,True,True,100,11900,3XL,,
var_11_1,prod_11,Calza Larga - VARIOS COLEGIOS - Talla 4,1804,,,CL,,,,,,,True,True,100,10000,4,,
var_11_2,prod_11,Calza Larga - VARIOS COLEGIOS - Talla 6,1806,,,CL,,,,,,,True,True,100,10000,6,,
var_11_3,prod_11,Calza Larga - VARIOS COLEGIOS - Talla 8,1808,,,CL,,,,,,,True,True,100,11000,8,,
var_11_4,prod_11,Calza Larga - VARIOS COLEGIOS - Talla 10,1810,,,CL,,,,,,,True,True,100,11000,10,,
var_11_5,prod_11,Calza Larga - VARIOS COLEGIOS - Talla 12,1812,,,CL,,,,,,,True,True,100,12000,12,,
var_11_6,prod_11,Calza Larga - VARIOS COLEGIOS - Talla 14,1814,,,CL,,,,,,,True,True,100,12500,14,,
var_11_7,prod_11,Calza Larga - VARIOS COLEGIOS - Talla 16,1816,,,CL,,,,,,,True,True,100,12500,16,,
var_11_8,prod_11,Calza Larga - VARIOS COLEGIOS - Talla S,1818,,,CL,,,,,,,True,True,100,13600,S,,
var_11_9,prod_11,Calza Larga - VARIOS COLEGIOS - Talla M,1820,,,CL,,,,,,,True,True,100,14200,M,,
var_11_10,prod_11,Calza Larga - VARIOS COLEGIOS - Talla L,1822,,,CL,,,,,,,True,True,100,14700,L,,
var_11_11,prod_11,Calza Larga - VARIOS COLEGIOS - Talla XL,1824,,,CL,,,,,,,True,True,100,15900,XL,,
var_11_12,prod_11,Calza Larga - VARIOS COLEGIOS - Talla XXL,1826,,,CL,,,,,,,True,True,100,18000,XXL,,
var_12_1,prod_12,Short - COLEGIO LOS REYES - Talla 4,1904,,,CL,,,,,,,True,True,100,4500,4,,
var_12_2,prod_12,Short - COLEGIO LOS REYES - Talla 6,1906,,,CL,,,,,,,True,True,100,4750,6,,
var_12_3,prod_12,Short - COLEGIO LOS REYES - Talla 8,1908,,,CL,,,,,,,True,True,100,5000,8,,
var_12_4,prod_12,Short - COLEGIO LOS REYES - Talla 10,1910,,,CL,,,,,,,True,True,100,5000,10,,
var_12_5,prod_12,Short - COLEGIO LOS REYES - Talla 12,1912,,,CL,,,,,,,True,True,100,5250,12,,
var_12_6,prod_12,Short - COLEGIO LOS REYES - Talla 14,1914,,,CL,,,,,,,True,True,100,5250,14,,
var_12_7,prod_12,Short - COLEGIO LOS REYES - Talla 16,1916,,,CL,,,,,,,True,True,100,5500,16,,
var_12_8,prod_12,Short - COLEGIO LOS REYES - Talla S,1918,,,CL,,,,,,,True,True,100,5500,S,,
var_12_9,prod_12,Short - COLEGIO LOS REYES - Talla M,1920,,,CL,,,,,,,True,True,100,5750,M,,
var_12_10,prod_12,Short - COLEGIO LOS REYES - Talla L,1922,,,CL,,,,,,,True,True,100,5750,L,,
var_12_11,prod_12,Short - COLEGIO LOS REYES - Talla XL,1924,,,CL,,,,,,,True,True,100,6000,XL,,
var_12_12,prod_12,Short - COLEGIO LOS REYES - Talla XXL,1926,,,CL,,,,,,,True,True,100,6000,XXL,,
var_12_13,prod_12,Short - COLEGIO LOS REYES - Talla 4,25004,,,CL,,,,,,,True,True,100,10000,4,,
var_12_14,prod_12,Short - COLEGIO LOS REYES - Talla 6,25006,,,CL,,,,,,,True,True,100,10500,6,,
var_12_15,prod_12,Short - COLEGIO LOS REYES - Talla 8,25008,,,CL,,,,,,,True,True,100,10800,8,,
var_12_16,prod_12,Short - COLEGIO LOS REYES - Talla 10,25010,,,CL,,,,,,,True,True,100,10800,10,,
var_12_17,prod_12,Short - COLEGIO LOS REYES - Talla 12,25012,,,CL,,,,,,,True,True,100,10800,12,,
var_12_18,prod_12,Short - COLEGIO LOS REYES - Talla 14,25014,,,CL,,,,,,,True,True,100,11000,14,,
var_12_19,prod_12,Short - COLEGIO LOS REYES - Talla 16,25016,,,CL,,,,,,,True,True,100,11300,16,,
var_12_20,prod_12,Short - COLEGIO LOS REYES - Talla S,25018,,,CL,,,,,,,True,True,100,11500,S,,
var_12_21,prod_12,Short - COLEGIO LOS REYES - Talla M,25020,,,CL,,,,,,,True,True,100,11800,M,,
var_12_22,prod_12,Short - COLEGIO LOS REYES - Talla L,25022,,,CL,,,,,,,True,True,100,11800,L,,
var_12_23,prod_12,Short - COLEGIO LOS REYES - Talla XL,25024,,,CL,,,,,,,True,True,100,13500,XL,,
var_13_1,prod_13,Delan Cuadrillé Rojo - VARIOS COLEGIOS - Talla 4,2004,,,CL,,,,,,,True,True,100,12500,4,,
var_13_2,prod_13,Delan Cuadrillé Rojo - VARIOS COLEGIOS - Talla 6,2006,,,CL,,,,,,,True,True,100,12500,6,,
var_13_3,prod_13,Delan Cuadrillé Rojo - VARIOS COLEGIOS - Talla 8,2008,,,CL,,,,,,,True,True,100,13500,8,,
var_13_4,prod_13,Delan Cuadrillé Rojo - VARIOS COLEGIOS - Talla 10,2010,,,CL,,,,,,,True,True,100,13500,10,,
var_13_5,prod_13,Delan Cuadrillé Rojo - VARIOS COLEGIOS - Talla 12,2012,,,CL,,,,,,,True,True,100,14500,12,,
var_13_6,prod_13,Delan Cuadrillé Rojo - VARIOS COLEGIOS - Talla 14,2014,,,CL,,,,,,,True,True,100,15000,14,,
var_13_7,prod_13,Delan Cuadrillé Rojo - VARIOS COLEGIOS - Talla 16,2016,,,CL,,,,,,,True,True,100,16500,16,,
var_13_8,prod_13,Delan Cuadrillé Rojo - VARIOS COLEGIOS - Talla S,2018,,,CL,,,,,,,True,True,100,16900,S,,
var_13_9,prod_13,Delan Cuadrillé Rojo - VARIOS COLEGIOS - Talla M,2020,,,CL,,,,,,,True,True,100,18000,M,,
var_13_10,prod_13,Delan Cuadrillé Rojo - VARIOS COLEGIOS - Talla L,2022,,,CL,,,,,,,True,True,100,18500,L,,
var_13_11,prod_13,Delan Cuadrillé Rojo - VARIOS COLEGIOS - Talla XL,2024,,,CL,,,,,,,True,True,100,20500,XL,,
var_14_1,prod_14,Parka - COLEGIO LOS REYES - Talla 4,2204,,,CL,,,,,,,True,True,100,14000,4,,
var_14_2,prod_14,Parka - COLEGIO LOS REYES - Talla 6,2206,,,CL,,,,,,,True,True,100,14000,6,,
var_14_3,prod_14,Parka - COLEGIO LOS REYES - Talla 8,2208,,,CL,,,,,,,True,True,100,14250,8,,
var_14_4,prod_14,Parka - COLEGIO LOS REYES - Talla 10,2210,,,CL,,,,,,,True,True,100,14750,10,,
var_14_5,prod_14,Parka - COLEGIO LOS REYES - Talla 12,2212,,,CL,,,,,,,True,True,100,15000,12,,
var_14_6,prod_14,Parka - COLEGIO LOS REYES - Talla 14,2214,,,CL,,,,,,,True,True,100,15500,14,,
var_14_7,prod_14,Parka - COLEGIO LOS REYES - Talla 16,2216,,,CL,,,,,,,True,True,100,15500,16,,
var_14_8,prod_14,Parka - COLEGIO LOS REYES - Talla S,2218,,,CL,,,,,,,True,True,100,16500,S,,
var_14_9,prod_14,Parka - COLEGIO LOS REYES - Talla M,2220,,,CL,,,,,,,True,True,100,16500,M,,
var_14_10,prod_14,Parka - COLEGIO LOS REYES - Talla L,2222,,,CL,,,,,,,True,True,100,16500,L,,
var_14_11,prod_14,Parka - COLEGIO LOS REYES - Talla XL,2224,,,CL,,,,,,,True,True,100,17000,XL,,
var_14_12,prod_14,Parka - COLEGIO LOS REYES - Talla XXL,2226,,,CL,,,,,,,True,True,100,17500,XXL,,
var_15_1,prod_15,Pan Buzo - COLEGIO LOS REYES - Talla 4,2304,,,CL,,,,,,,True,True,100,6250,4,,
var_15_2,prod_15,Pan Buzo - COLEGIO LOS REYES - Talla 6,2306,,,CL,,,,,,,True,True,100,6250,6,,
var_15_3,prod_15,Pan Buzo - COLEGIO LOS REYES - Talla 8,2308,,,CL,,,,,,,True,True,100,6500,8,,
var_15_4,prod_15,Pan Buzo - COLEGIO LOS REYES - Talla 10,2310,,,CL,,,,,,,True,True,100,6750,10,,
var_15_5,prod_15,Pan Buzo - COLEGIO LOS REYES - Talla 12,2312,,,CL,,,,,,,True,True,100,7250,12,,
var_15_6,prod_15,Pan Buzo - COLEGIO LOS REYES - Talla 14,2314,,,CL,,,,,,,True,True,100,7500,14,,
var_15_7,prod_15,Pan Buzo - COLEGIO LOS REYES - Talla 16,2316,,,CL,,,,,,,True,True,100,7750,16,,
var_15_8,prod_15,Pan Buzo - COLEGIO LOS REYES - Talla S,2318,,,CL,,,,,,,True,True,100,8000,S,,
var_15_9,prod_15,Pan Buzo - COLEGIO LOS REYES - Talla M,2320,,,CL,,,,,,,True,True,100,8250,M,,
var_15_10,prod_15,Pan Buzo - COLEGIO LOS REYES - Talla L,2322,,,CL,,,,,,,True,True,100,8495,L,,
var_15_11,prod_15,Pan Buzo - COLEGIO LOS REYES - Talla XL,2324,,,CL,,,,,,,True,True,100,8495,XL,,
var_15_12,prod_15,Pan Buzo - COLEGIO LOS REYES - Talla XXL,2326,,,CL,,,,,,,True,True,100,8495,XXL,,
var_15_13,prod_15,Pan Buzo - COLEGIO LOS REYES - Talla XXXL,2328,,,CL,,,,,,,True,True,100,9000,XXXL,,
var_16_1,prod_16,Chaque Buzo - COLEGIO LOS REYES - Talla 4,2404,,,CL,,,,,,,True,True,100,7750,4,,
var_16_2,prod_16,Chaque Buzo - COLEGIO LOS REYES - Talla 6,2406,,,CL,,,,,,,True,True,100,7750,6,,
var_16_3,prod_16,Chaque Buzo - COLEGIO LOS REYES - Talla 8,2408,,,CL,,,,,,,True,True,100,8250,8,,
var_16_4,prod_16,Chaque Buzo - COLEGIO LOS REYES - Talla 10,2410,,,CL,,,,,,,True,True,100,8750,10,,
var_16_5,prod_16,Chaque Buzo - COLEGIO LOS REYES - Talla 12,2412,,,CL,,,,,,,True,True,100,8750,12,,
var_16_6,prod_16,Chaque Buzo - COLEGIO LOS REYES - Talla 14,2414,,,CL,,,,,,,True,True,100,9000,14,,
var_16_7,prod_16,Chaque Buzo - COLEGIO LOS REYES - Talla 16,2416,,,CL,,,,,,,True,True,100,9000,16,,
var_16_8,prod_16,Chaque Buzo - COLEGIO LOS REYES - Talla S,2418,,,CL,,,,,,,True,True,100,9250,S,,
var_16_9,prod_16,Chaque Buzo - COLEGIO LOS REYES - Talla M,2420,,,CL,,,,,,,True,True,100,9500,M,,
var_16_10,prod_16,Chaque Buzo - COLEGIO LOS REYES - Talla L,2422,,,CL,,,,,,,True,True,100,9750,L,,
var_16_11,prod_16,Chaque Buzo - COLEGIO LOS REYES - Talla XL,2424,,,CL,,,,,,,True,True,100,10000,XL,,
var_16_12,prod_16,Chaque Buzo - COLEGIO LOS REYES - Talla XXL,2426,,,CL,,,,,,,True,True,100,10000,XXL,,
var_17_1,prod_17,Co Beige - VARIOS COLEGIOS - Talla 4,2504,,,CL,,,,,,,True,True,100,12500,4,,
var_17_2,prod_17,Co Beige - VARIOS COLEGIOS - Talla 6,2506,,,CL,,,,,,,True,True,100,12500,6,,
var_17_3,prod_17,Co Beige - VARIOS COLEGIOS - Talla 8,2508,,,CL,,,,,,,True,True,100,13500,8,,
var_17_4,prod_17,Co Beige - VARIOS COLEGIOS - Talla 10,2510,,,CL,,,,,,,True,True,100,13500,10,,
var_17_5,prod_17,Co Beige - VARIOS COLEGIOS - Talla 12,2512,,,CL,,,,,,,True,True,100,14500,12,,
var_17_6,prod_17,Co Beige - VARIOS COLEGIOS - Talla 14,2514,,,CL,,,,,,,True,True,100,15000,14,,
var_17_7,prod_17,Co Beige - VARIOS COLEGIOS - Talla 16,2516,,,CL,,,,,,,True,True,100,16500,16,,
var_17_8,prod_17,Co Beige - VARIOS COLEGIOS - Talla S,2518,,,CL,,,,,,,True,True,100,17000,S,,
var_17_9,prod_17,Co Beige - VARIOS COLEGIOS - Talla M,2520,,,CL,,,,,,,True,True,100,18000,M,,
var_17_10,prod_17,Co Beige - VARIOS COLEGIOS - Talla L,2522,,,CL,,,,,,,True,True,100,18500,L,,
var_17_11,prod_17,Co Beige - VARIOS COLEGIOS - Talla XL,2524,,,CL,,,,,,,True,True,100,20500,XL,,
var_17_12,prod_17,Co Beige - VARIOS COLEGIOS - Talla XXL,2526,,,CL,,,,,,,True,True,100,20500,XXL,,
var_18_1,prod_18,Delan - VARIOS COLEGIOS - Talla 3,3203,,,CL,,,,,,,True,True,100,10500,3,,
var_18_2,prod_18,Delan - VARIOS COLEGIOS - Talla 4,3204,,,CL,,,,,,,True,True,100,11000,4,,
var_18_3,prod_18,Delan - VARIOS COLEGIOS - Talla 6,3206,,,CL,,,,,,,True,True,100,11500,6,,
var_18_4,prod_18,Delan - VARIOS COLEGIOS - Talla 8,3208,,,CL,,,,,,,True,True,100,12000,8,,
var_18_5,prod_18,Delan - VARIOS COLEGIOS - Talla 10,3210,,,CL,,,,,,,True,True,100,12000,10,,
var_19_1,prod_19,Co - VARIOS COLEGIOS - Talla 2,3302,,,CL,,,,,,,True,True,100,10800,2,,
var_19_2,prod_19,Co - VARIOS COLEGIOS - Talla 3,3303,,,CL,,,,,,,True,True,100,10800,3,,
var_19_3,prod_19,Co - VARIOS COLEGIOS - Talla 4,3304,,,CL,,,,,,,True,True,100,11500,4,,
var_19_4,prod_19,Co - VARIOS COLEGIOS - Talla 6,3306,,,CL,,,,,,,True,True,100,11500,6,,
var_19_5,prod_19,Co - VARIOS COLEGIOS - Talla 8,3308,,,CL,,,,,,,True,True,100,12000,8,,
var_19_6,prod_19,Co - VARIOS COLEGIOS - Talla 10,3310,,,CL,,,,,,,True,True,100,12000,10,,
var_19_7,prod_19,Co - VARIOS COLEGIOS - Talla 4,59204,,,CL,,,,,,,True,True,100,10000,4,,
var_19_8,prod_19,Co - VARIOS COLEGIOS - Talla 6,59206,,,CL,,,,,,,True,True,100,10000,6,,
var_19_9,prod_19,Co - VARIOS COLEGIOS - Talla 8,59208,,,CL,,,,,,,True,True,100,10000,8,,
var_19_10,prod_19,Co - VARIOS COLEGIOS - Talla 10,59210,,,CL,,,,,,,True,True,100,10000,10,,
var_19_11,prod_19,Co - VARIOS COLEGIOS - Talla 12,59212,,,CL,,,,,,,True,True,100,10000,12,,
var_19_12,prod_19,Co - VARIOS COLEGIOS - Talla 4,98004,,,CL,,,,,,,True,True,100,12500,4,,
var_19_13,prod_19,Co - VARIOS COLEGIOS - Talla 6,98006,,,CL,,,,,,,True,True,100,12500,6,,
var_19_14,prod_19,Co - VARIOS COLEGIOS - Talla 8,98008,,,CL,,,,,,,True,True,100,13500,8,,
var_19_15,prod_19,Co - VARIOS COLEGIOS - Talla 10,98010,,,CL,,,,,,,True,True,100,13500,10,,
var_19_16,prod_19,Co - VARIOS COLEGIOS - Talla 12,98012,,,CL,,,,,,,True,True,100,14500,12,,
var_19_17,prod_19,Co - VARIOS COLEGIOS - Talla 14,98014,,,CL,,,,,,,True,True,100,14500,14,,
var_19_18,prod_19,Co - VARIOS COLEGIOS - Talla 16,98016,,,CL,,,,,,,True,True,100,15500,16,,
var_19_19,prod_19,Co - VARIOS COLEGIOS - Talla S,98018,,,CL,,,,,,,True,True,100,17000,S,,
var_19_20,prod_19,Co - VARIOS COLEGIOS - Talla M,98020,,,CL,,,,,,,True,True,100,18000,M,,
var_19_21,prod_19,Co - VARIOS COLEGIOS - Talla L,98022,,,CL,,,,,,,True,True,100,18500,L,,
var_19_22,prod_19,Co - VARIOS COLEGIOS - Talla XL,98024,,,CL,,,,,,,True,True,100,20500,XL,,
var_20_1,prod_20,calza Cor - VARIOS COLEGIOS - Talla 12,3412,,,CL,,,,,,,True,True,100,8000,12,,
var_21_1,prod_21,Calza Larga - SUEÑOS MAGICOS - Talla 10,3510,,,CL,,,,,,,True,True,100,11300,10,,
var_22_1,prod_22,Short - SOLRÍE - Talla 2,3602,,,CL,,,,,,,True,True,100,6000,2,,
var_22_2,prod_22,Short - SOLRÍE - Talla 3,3603,,,CL,,,,,,,True,True,100,6000,3,,
var_22_3,prod_22,Short - SOLRÍE - Talla 4,3604,,,CL,,,,,,,True,True,100,7800,4,,
var_22_4,prod_22,Short - SOLRÍE - Talla 6,3606,,,CL,,,,,,,True,True,100,8000,6,,
var_22_5,prod_22,Short - SOLRÍE - Talla 8,3608,,,CL,,,,,,,True,True,100,8500,8,,
var_22_6,prod_22,Short - SOLRÍE - Talla 10,3610,,,CL,,,,,,,True,True,100,8500,10,,
var_22_7,prod_22,Short - SOLRÍE - Talla 2,87002,,,CL,,,,,,,True,True,100,6000,2,,
var_22_8,prod_22,Short - SOLRÍE - Talla 3,87003,,,CL,,,,,,,True,True,100,6000,3,,
var_22_9,prod_22,Short - SOLRÍE - Talla 4,87004,,,CL,,,,,,,True,True,100,7000,4,,
var_22_10,prod_22,Short - SOLRÍE - Talla 6,87006,,,CL,,,,,,,True,True,100,7000,6,,
var_22_11,prod_22,Short - SOLRÍE - Talla 8,87008,,,CL,,,,,,,True,True,100,7500,8,,
var_23_1,prod_23,Polera Azul Manga Cor - NUEVO HORIZONTE - Talla 4,4104,,,CL,,,,,,,True,True,100,8000,4,,
var_23_2,prod_23,Polera Azul Manga Cor - NUEVO HORIZONTE - Talla 6,4106,,,CL,,,,,,,True,True,100,8000,6,,
var_23_3,prod_23,Polera Azul Manga Cor - NUEVO HORIZONTE - Talla 8,4108,,,CL,,,,,,,True,True,100,8500,8,,
var_23_4,prod_23,Polera Azul Manga Cor - NUEVO HORIZONTE - Talla 10,4110,,,CL,,,,,,,True,True,100,9000,10,,
var_23_5,prod_23,Polera Azul Manga Cor - NUEVO HORIZONTE - Talla 12,4112,,,CL,,,,,,,True,True,100,9500,12,,
var_23_6,prod_23,Polera Azul Manga Cor - NUEVO HORIZONTE - Talla 14,4114,,,CL,,,,,,,True,True,100,10000,14,,
var_23_7,prod_23,Polera Azul Manga Cor - NUEVO HORIZONTE - Talla 16,4116,,,CL,,,,,,,True,True,100,10000,16,,
var_23_8,prod_23,Polera Azul Manga Cor - NUEVO HORIZONTE - Talla S,4118,,,CL,,,,,,,True,True,100,10500,S,,
var_23_9,prod_23,Polera Azul Manga Cor - NUEVO HORIZONTE - Talla M,4120,,,CL,,,,,,,True,True,100,11000,M,,
var_23_10,prod_23,Polera Azul Manga Cor - NUEVO HORIZONTE - Talla L,4122,,,CL,,,,,,,True,True,100,11000,L,,
var_23_11,prod_23,Polera Azul Manga Cor - NUEVO HORIZONTE - Talla XL,4124,,,CL,,,,,,,True,True,100,11500,XL,,
var_24_1,prod_24,Polera Blanca MC - NUEVO HORIZONTE - Talla 4,4304,,,CL,,,,,,,True,True,100,11000,4,,
var_24_2,prod_24,Polera Blanca MC - NUEVO HORIZONTE - Talla 6,4306,,,CL,,,,,,,True,True,100,11500,6,,
var_24_3,prod_24,Polera Blanca MC - NUEVO HORIZONTE - Talla 8,4308,,,CL,,,,,,,True,True,100,12500,8,,
var_24_4,prod_24,Polera Blanca MC - NUEVO HORIZONTE - Talla 10,4310,,,CL,,,,,,,True,True,100,13000,10,,
var_24_5,prod_24,Polera Blanca MC - NUEVO HORIZONTE - Talla 12,4312,,,CL,,,,,,,True,True,100,13500,12,,
var_24_6,prod_24,Polera Blanca MC - NUEVO HORIZONTE - Talla 14,4314,,,CL,,,,,,,True,True,100,13500,14,,
var_24_7,prod_24,Polera Blanca MC - NUEVO HORIZONTE - Talla 16,4316,,,CL,,,,,,,True,True,100,14000,16,,
var_24_8,prod_24,Polera Blanca MC - NUEVO HORIZONTE - Talla S,4318,,,CL,,,,,,,True,True,100,14000,S,,
var_24_9,prod_24,Polera Blanca MC - NUEVO HORIZONTE - Talla M,4320,,,CL,,,,,,,True,True,100,15000,M,,
var_24_10,prod_24,Polera Blanca MC - NUEVO HORIZONTE - Talla L,4322,,,CL,,,,,,,True,True,100,15000,L,,
var_24_11,prod_24,Polera Blanca MC - NUEVO HORIZONTE - Talla XL,4324,,,CL,,,,,,,True,True,100,15500,XL,,
var_25_1,prod_25,Polera blanca ML - NUEVO HORIZONTE - Talla 4,4404,,,CL,,,,,,,True,True,100,9800,4,,
var_25_2,prod_25,Polera blanca ML - NUEVO HORIZONTE - Talla M,4420,,,CL,,,,,,,True,True,100,17000,M,,
var_26_1,prod_26,Co Verde - NUEVO HORIZONTE - Talla 4,4504,,,CL,,,,,,,True,True,100,13000,4,,
var_26_2,prod_26,Co Verde - NUEVO HORIZONTE - Talla 6,4506,,,CL,,,,,,,True,True,100,13000,6,,
var_26_3,prod_26,Co Verde - NUEVO HORIZONTE - Talla 8,4508,,,CL,,,,,,,True,True,100,13500,8,,
var_26_4,prod_26,Co Verde - NUEVO HORIZONTE - Talla 10,4510,,,CL,,,,,,,True,True,100,13500,10,,
var_26_5,prod_26,Co Verde - NUEVO HORIZONTE - Talla 12,4512,,,CL,,,,,,,True,True,100,14500,12,,
var_26_6,prod_26,Co Verde - NUEVO HORIZONTE - Talla 14,4514,,,CL,,,,,,,True,True,100,14500,14,,
var_26_7,prod_26,Co Verde - NUEVO HORIZONTE - Talla 16,4516,,,CL,,,,,,,True,True,100,15500,16,,
var_26_8,prod_26,Co Verde - NUEVO HORIZONTE - Talla S,4518,,,CL,,,,,,,True,True,100,16500,S,,
var_26_9,prod_26,Co Verde - NUEVO HORIZONTE - Talla M,4520,,,CL,,,,,,,True,True,100,16500,M,,
var_26_10,prod_26,Co Verde - NUEVO HORIZONTE - Talla L,4522,,,CL,,,,,,,True,True,100,17500,L,,
var_27_1,prod_27,Delan Cuadrille Verde - NUEVO HORIZONTE - Talla 4,4604,,,CL,,,,,,,True,True,100,13000,4,,
var_27_2,prod_27,Delan Cuadrille Verde - NUEVO HORIZONTE - Talla 6,4606,,,CL,,,,,,,True,True,100,13000,6,,
var_27_3,prod_27,Delan Cuadrille Verde - NUEVO HORIZONTE - Talla 8,4608,,,CL,,,,,,,True,True,100,13500,8,,
var_27_4,prod_27,Delan Cuadrille Verde - NUEVO HORIZONTE - Talla 10,4610,,,CL,,,,,,,True,True,100,13500,10,,
var_27_5,prod_27,Delan Cuadrille Verde - NUEVO HORIZONTE - Talla 12,4612,,,CL,,,,,,,True,True,100,14500,12,,
var_27_6,prod_27,Delan Cuadrille Verde - NUEVO HORIZONTE - Talla 14,4614,,,CL,,,,,,,True,True,100,14500,14,,
var_27_7,prod_27,Delan Cuadrille Verde - NUEVO HORIZONTE - Talla 16,4616,,,CL,,,,,,,True,True,100,15000,16,,
var_27_8,prod_27,Delan Cuadrille Verde - NUEVO HORIZONTE - Talla S,4618,,,CL,,,,,,,True,True,100,15000,S,,
var_27_9,prod_27,Delan Cuadrille Verde - NUEVO HORIZONTE - Talla M,4620,,,CL,,,,,,,True,True,100,15000,M,,
var_27_10,prod_27,Delan Cuadrille Verde - NUEVO HORIZONTE - Talla L,4622,,,CL,,,,,,,True,True,100,15000,L,,
var_28_1,prod_28,Falda Escosesa - NUEVO HORIZONTE - Talla 4,4704,,,CL,,,,,,,True,True,100,14500,4,,
var_28_2,prod_28,Falda Escosesa - NUEVO HORIZONTE - Talla 6,4706,,,CL,,,,,,,True,True,100,15500,6,,
var_28_3,prod_28,Falda Escosesa - NUEVO HORIZONTE - Talla 8,4708,,,CL,,,,,,,True,True,100,15500,8,,
var_28_4,prod_28,Falda Escosesa - NUEVO HORIZONTE - Talla 10,4710,,,CL,,,,,,,True,True,100,16000,10,,
var_28_5,prod_28,Falda Escosesa - NUEVO HORIZONTE - Talla 12,4712,,,CL,,,,,,,True,True,100,16500,12,,
var_28_6,prod_28,Falda Escosesa - NUEVO HORIZONTE - Talla 14,4714,,,CL,,,,,,,True,True,100,16500,14,,
var_28_7,prod_28,Falda Escosesa - NUEVO HORIZONTE - Talla 16,4716,,,CL,,,,,,,True,True,100,17000,16,,
var_28_8,prod_28,Falda Escosesa - NUEVO HORIZONTE - Talla S,4718,,,CL,,,,,,,True,True,100,17000,S,,
var_28_9,prod_28,Falda Escosesa - NUEVO HORIZONTE - Talla M,4720,,,CL,,,,,,,True,True,100,18000,M,,
var_28_10,prod_28,Falda Escosesa - NUEVO HORIZONTE - Talla L,4722,,,CL,,,,,,,True,True,100,19000,L,,
var_29_1,prod_29,Pan Buzo - NUEVO HORIZONTE - Talla 4,4804,,,CL,,,,,,,True,True,100,11500,4,,
var_29_2,prod_29,Pan Buzo - NUEVO HORIZONTE - Talla 6,4806,,,CL,,,,,,,True,True,100,12000,6,,
var_29_3,prod_29,Pan Buzo - NUEVO HORIZONTE - Talla 8,4808,,,CL,,,,,,,True,True,100,13000,8,,
var_29_4,prod_29,Pan Buzo - NUEVO HORIZONTE - Talla 10,4810,,,CL,,,,,,,True,True,100,13000,10,,
var_29_5,prod_29,Pan Buzo - NUEVO HORIZONTE - Talla 12,4812,,,CL,,,,,,,True,True,100,14000,12,,
var_29_6,prod_29,Pan Buzo - NUEVO HORIZONTE - Talla 14,4814,,,CL,,,,,,,True,True,100,14500,14,,
var_29_7,prod_29,Pan Buzo - NUEVO HORIZONTE - Talla 16,4816,,,CL,,,,,,,True,True,100,15000,16,,
var_29_8,prod_29,Pan Buzo - NUEVO HORIZONTE - Talla S,4818,,,CL,,,,,,,True,True,100,15500,S,,
var_29_9,prod_29,Pan Buzo - NUEVO HORIZONTE - Talla M,4820,,,CL,,,,,,,True,True,100,15500,M,,
var_29_10,prod_29,Pan Buzo - NUEVO HORIZONTE - Talla L,4822,,,CL,,,,,,,True,True,100,16000,L,,
var_30_1,prod_30,Chaque Buzo - NUEVO HORIZONTE - Talla 4,4904,,,CL,,,,,,,True,True,100,14500,4,,
var_30_2,prod_30,Chaque Buzo - NUEVO HORIZONTE - Talla 6,4906,,,CL,,,,,,,True,True,100,14500,6,,
var_30_3,prod_30,Chaque Buzo - NUEVO HORIZONTE - Talla 8,4908,,,CL,,,,,,,True,True,100,15000,8,,
var_30_4,prod_30,Chaque Buzo - NUEVO HORIZONTE - Talla 10,4910,,,CL,,,,,,,True,True,100,16000,10,,
var_30_5,prod_30,Chaque Buzo - NUEVO HORIZONTE - Talla 12,4912,,,CL,,,,,,,True,True,100,16000,12,,
var_30_6,prod_30,Chaque Buzo - NUEVO HORIZONTE - Talla 14,4914,,,CL,,,,,,,True,True,100,16500,14,,
var_30_7,prod_30,Chaque Buzo - NUEVO HORIZONTE - Talla 16,4916,,,CL,,,,,,,True,True,100,16500,16,,
var_30_8,prod_30,Chaque Buzo - NUEVO HORIZONTE - Talla S,4918,,,CL,,,,,,,True,True,100,17500,S,,
var_30_9,prod_30,Chaque Buzo - NUEVO HORIZONTE - Talla M,4920,,,CL,,,,,,,True,True,100,17500,M,,
var_30_10,prod_30,Chaque Buzo - NUEVO HORIZONTE - Talla L,4922,,,CL,,,,,,,True,True,100,18500,L,,
var_30_11,prod_30,Chaque Buzo - NUEVO HORIZONTE - Talla XL,4924,,,CL,,,,,,,True,True,100,18500,XL,,
var_31_1,prod_31,Bolsi Kinder - COLEGIO LOS REYES - Talla A,6001,,,CL,,,,,,,True,True,100,7000,A,,
var_32_1,prod_32,Jockey - VARIOS CODIGOS,6002,,,CL,,,,,,,True,True,100,5500,Única,,
var_32_2,prod_32,Jockey - VARIOS CODIGOS,6003,,,CL,,,,,,,True,True,100,3500,Única,,
var_33_1,prod_33,Pan Casimir - VARIOS COLEGIOS - Talla 4,6004,,,CL,,,,,,,True,True,100,18000,4,,
var_33_2,prod_33,Pan Casimir - VARIOS COLEGIOS - Talla 6,6006,,,CL,,,,,,,True,True,100,19000,6,,
var_33_3,prod_33,Pan Casimir - VARIOS COLEGIOS - Talla 8,6008,,,CL,,,,,,,True,True,100,19500,8,,
var_33_4,prod_33,Pan Casimir - VARIOS COLEGIOS - Talla 10,6010,,,CL,,,,,,,True,True,100,19500,10,,
var_33_5,prod_33,Pan Casimir - VARIOS COLEGIOS - Talla 12,6012,,,CL,,,,,,,True,True,100,21000,12,,
var_33_6,prod_33,Pan Casimir - VARIOS COLEGIOS - Talla 14,6014,,,CL,,,,,,,True,True,100,21000,14,,
var_33_7,prod_33,Pan Casimir - VARIOS COLEGIOS - Talla 16,6016,,,CL,,,,,,,True,True,100,22000,16,,
var_33_8,prod_33,Pan Casimir - VARIOS COLEGIOS - Talla S,6018,,,CL,,,,,,,True,True,100,22000,S,,
var_33_9,prod_33,Pan Casimir - VARIOS COLEGIOS - Talla M,6020,,,CL,,,,,,,True,True,100,23000,M,,
var_33_10,prod_33,Pan Casimir - VARIOS COLEGIOS - Talla L,6022,,,CL,,,,,,,True,True,100,23000,L,,
var_33_11,prod_33,Pan Casimir - VARIOS COLEGIOS - Talla XL,6024,,,CL,,,,,,,True,True,100,24000,XL,,
var_33_12,prod_33,Pan Casimir - VARIOS COLEGIOS - Talla XXL,6026,,,CL,,,,,,,True,True,100,24000,XXL,,
var_34_1,prod_34,BORDADO - VARIOS CODIGOS,6101,,,CL,,,,,,,True,True,100,3500,Única,,
var_35_1,prod_35,arreglos - VARIOS CODIGOS - Talla URAS,6102,,,CL,,,,,,,True,True,100,4000,URAS,,
var_36_1,prod_36,gorro lana - VARIOS COLEGIOS,6103,,,CL,,,,,,,True,True,100,4500,Única,,
var_36_2,prod_36,gorro lana - VARIOS COLEGIOS,6104,,,CL,,,,,,,True,True,100,3000,Única,,
var_37_1,prod_37,Bordado - VARIOS CODIGOS,6105,,,CL,,,,,,,True,True,100,5000,Única,,
var_37_2,prod_37,Bordado - VARIOS CODIGOS,6111,,,CL,,,,,,,True,True,100,8000,Única,,
var_38_1,prod_38,nan - VARIOS COLEGIOS - Talla ES,6106,,,CL,,,,,,,True,True,100,2500,ES,,
var_38_2,prod_38,nan - VARIOS COLEGIOS,6202,,,CL,,,,,,,True,True,100,2000,Única,,
var_38_3,prod_38,nan - VARIOS COLEGIOS - Talla AL,6203,,,CL,,,,,,,True,True,100,8000,AL,,
var_38_4,prod_38,nan - VARIOS COLEGIOS - Talla A,9701,,,CL,,,,,,,True,True,100,4000,A,,
var_38_5,prod_38,nan - VARIOS COLEGIOS - Talla A,9702,,,CL,,,,,,,True,True,100,4000,A,,
var_38_6,prod_38,nan - VARIOS COLEGIOS - Talla A,9703,,,CL,,,,,,,True,True,100,4000,A,,
var_39_1,prod_39,Bas - VARIOS CODIGOS - Talla A,6107,,,CL,,,,,,,True,True,100,4000,A,,
var_39_2,prod_39,Bas - VARIOS CODIGOS - Talla A,6114,,,CL,,,,,,,True,True,100,7000,A,,
var_40_1,prod_40,Huinchas 5 nombres - VARIOS CODIGOS,6108,,,CL,,,,,,,True,True,100,4000,Única,,
var_41_1,prod_41,Huinchas 10 nombres - VARIOS CODIGOS,6109,,,CL,,,,,,,True,True,100,7000,Única,,
var_42_1,prod_42,bas - VARIOS CODIGOS - Talla A,6110,,,CL,,,,,,,True,True,100,7000,A,,
var_43_1,prod_43,cuello polar con logo - VARIOS COLEGIOS,6112,,,CL,,,,,,,True,True,100,3500,Única,,
var_44_1,prod_44,cuello polar sin logo - VARIOS COLEGIOS,6113,,,CL,,,,,,,True,True,100,3000,Única,,
var_45_1,prod_45,bas - VARIOS CODIGOS - Talla A,6115,,,CL,,,,,,,True,True,100,4000,A,,
var_46_1,prod_46,Bas - VARIOS CODIGOS - Talla A,6116,,,CL,,,,,,,True,True,100,5000,A,,
var_47_1,prod_47,Polera pique - VARIOS COLEGIOS,6117,,,CL,,,,,,,True,True,100,18000,Única,,
var_48_1,prod_48,arreglos - VARIOS COLEGIOS - Talla AS,6118,,,CL,,,,,,,True,True,100,5500,AS,,
var_48_2,prod_48,arreglos - VARIOS COLEGIOS - Talla ALON,6119,,,CL,,,,,,,True,True,100,4000,ALON,,
var_49_1,prod_49,varios - VARIOS COLEGIOS - Talla AS,6120,,,CL,,,,,,,True,True,100,4000,AS,,
var_50_1,prod_50,nan - VARIOS CODIGOS,6210,,,CL,,,,,,,True,True,100,1000,Única,,
var_50_2,prod_50,nan - VARIOS CODIGOS - Talla ROS,9901,,,CL,,,,,,,True,True,100,1,ROS,,
var_51_1,prod_51,Pan Casimir - VARIOS COLEGIOS - Talla 4,6304,,,CL,,,,,,,True,True,100,13000,4,,
var_51_2,prod_51,Pan Casimir - VARIOS COLEGIOS - Talla 8,6308,,,CL,,,,,,,True,True,100,14000,8,,
var_51_3,prod_51,Pan Casimir - VARIOS COLEGIOS - Talla 10,6310,,,CL,,,,,,,True,True,100,15000,10,,
var_51_4,prod_51,Pan Casimir - VARIOS COLEGIOS - Talla 14,6314,,,CL,,,,,,,True,True,100,15000,14,,
var_51_5,prod_51,Pan Casimir - VARIOS COLEGIOS - Talla 40,6340,,,CL,,,,,,,True,True,100,17000,40,,
var_51_6,prod_51,Pan Casimir - VARIOS COLEGIOS - Talla 42,6342,,,CL,,,,,,,True,True,100,17000,42,,
var_51_7,prod_51,Pan Casimir - VARIOS COLEGIOS - Talla 44,6344,,,CL,,,,,,,True,True,100,18000,44,,
var_51_8,prod_51,Pan Casimir - VARIOS COLEGIOS - Talla 46,6346,,,CL,,,,,,,True,True,100,18000,46,,
var_51_9,prod_51,Pan Casimir - VARIOS COLEGIOS - Talla 48,6348,,,CL,,,,,,,True,True,100,18000,48,,
var_51_10,prod_51,Pan Casimir - VARIOS COLEGIOS - Talla 50,6350,,,CL,,,,,,,True,True,100,20000,50,,
var_51_11,prod_51,Pan Casimir - VARIOS COLEGIOS - Talla 52,6352,,,CL,,,,,,,True,True,100,20000,52,,
var_51_12,prod_51,Pan Casimir - VARIOS COLEGIOS - Talla 54,6354,,,CL,,,,,,,True,True,100,20000,54,,
var_52_1,prod_52,Pan Casimir - VARIOS COLEGIOS - Talla 6,6306,,,CL,,,,,,,True,True,100,13500,6,,
var_52_2,prod_52,Pan Casimir - VARIOS COLEGIOS - Talla 38,6338,,,CL,,,,,,,True,True,100,16500,38,,
var_53_1,prod_53,Pan - VARIOS COLEGIOS - Talla 12,6312,,,CL,,,,,,,True,True,100,15000,12,,
var_54_1,prod_54,Pan Colegio - VARIOS COLEGIOS - Talla 16,6316,,,CL,,,,,,,True,True,100,15500,16,,
var_55_1,prod_55,Polar azul Marino - VARIOS COLEGIOS - Talla 4,6404,,,CL,,,,,,,True,True,100,14000,4,,
var_55_2,prod_55,Polar azul Marino - VARIOS COLEGIOS - Talla 6,6406,,,CL,,,,,,,True,True,100,15300,6,,
var_55_3,prod_55,Polar azul Marino - VARIOS COLEGIOS - Talla 8,6408,,,CL,,,,,,,True,True,100,15900,8,,
var_55_4,prod_55,Polar azul Marino - VARIOS COLEGIOS - Talla 10,6410,,,CL,,,,,,,True,True,100,16400,10,,
var_55_5,prod_55,Polar azul Marino - VARIOS COLEGIOS - Talla 12,6412,,,CL,,,,,,,True,True,100,17000,12,,
var_55_6,prod_55,Polar azul Marino - VARIOS COLEGIOS - Talla 14,6414,,,CL,,,,,,,True,True,100,17600,14,,
var_55_7,prod_55,Polar azul Marino - VARIOS COLEGIOS - Talla 16,6416,,,CL,,,,,,,True,True,100,18000,16,,
var_55_8,prod_55,Polar azul Marino - VARIOS COLEGIOS - Talla S,6418,,,CL,,,,,,,True,True,100,18700,S,,
var_55_9,prod_55,Polar azul Marino - VARIOS COLEGIOS - Talla M,6420,,,CL,,,,,,,True,True,100,19300,M,,
var_55_10,prod_55,Polar azul Marino - VARIOS COLEGIOS - Talla L,6422,,,CL,,,,,,,True,True,100,19300,L,,
var_55_11,prod_55,Polar azul Marino - VARIOS COLEGIOS - Talla XL,6424,,,CL,,,,,,,True,True,100,20400,XL,,
var_55_12,prod_55,Polar azul Marino - VARIOS COLEGIOS - Talla XXL,6426,,,CL,,,,,,,True,True,100,22000,XXL,,
var_55_13,prod_55,Polar azul Marino - VARIOS COLEGIOS - Talla XXXL,6428,,,CL,,,,,,,True,True,100,24000,XXXL,,
var_56_1,prod_56,Polar colores - VARIOS COLEGIOS - Talla 4,6504,,,CL,,,,,,,True,True,100,14000,4,,
var_56_2,prod_56,Polar colores - VARIOS COLEGIOS - Talla 6,6506,,,CL,,,,,,,True,True,100,14000,6,,
var_56_3,prod_56,Polar colores - VARIOS COLEGIOS - Talla 8,6508,,,CL,,,,,,,True,True,100,14000,8,,
var_56_4,prod_56,Polar colores - VARIOS COLEGIOS - Talla 10,6510,,,CL,,,,,,,True,True,100,14000,10,,
var_56_5,prod_56,Polar colores - VARIOS COLEGIOS - Talla 12,6512,,,CL,,,,,,,True,True,100,15000,12,,
var_56_6,prod_56,Polar colores - VARIOS COLEGIOS - Talla 14,6514,,,CL,,,,,,,True,True,100,15000,14,,
var_56_7,prod_56,Polar colores - VARIOS COLEGIOS - Talla 16,6516,,,CL,,,,,,,True,True,100,18000,16,,
var_56_8,prod_56,Polar colores - VARIOS COLEGIOS - Talla S,6518,,,CL,,,,,,,True,True,100,18000,S,,
var_56_9,prod_56,Polar colores - VARIOS COLEGIOS - Talla M,6520,,,CL,,,,,,,True,True,100,20000,M,,
var_56_10,prod_56,Polar colores - VARIOS COLEGIOS - Talla L,6522,,,CL,,,,,,,True,True,100,20000,L,,
var_56_11,prod_56,Polar colores - VARIOS COLEGIOS - Talla XL,6524,,,CL,,,,,,,True,True,100,22000,XL,,
var_56_12,prod_56,Polar colores - VARIOS COLEGIOS - Talla XXL,6526,,,CL,,,,,,,True,True,100,22000,XXL,,
var_57_1,prod_57,Co Cuadrille verde - VARIOS COLEGIOS - Talla 4,6604,,,CL,,,,,,,True,True,100,12500,4,,
var_57_2,prod_57,Co Cuadrille verde - VARIOS COLEGIOS - Talla 6,6606,,,CL,,,,,,,True,True,100,12500,6,,
var_57_3,prod_57,Co Cuadrille verde - VARIOS COLEGIOS - Talla 8,6608,,,CL,,,,,,,True,True,100,12500,8,,
var_57_4,prod_57,Co Cuadrille verde - VARIOS COLEGIOS - Talla 10,6610,,,CL,,,,,,,True,True,100,13500,10,,
var_58_1,prod_58,Delan - CIEC - Talla 2,6702,,,CL,,,,,,,True,True,100,12500,2,,
var_58_2,prod_58,Delan - CIEC - Talla 3,6703,,,CL,,,,,,,True,True,100,12500,3,,
var_58_3,prod_58,Delan - CIEC - Talla 4,6704,,,CL,,,,,,,True,True,100,12500,4,,
var_58_4,prod_58,Delan - CIEC - Talla 6,6706,,,CL,,,,,,,True,True,100,13000,6,,
var_58_5,prod_58,Delan - CIEC - Talla 8,6708,,,CL,,,,,,,True,True,100,13500,8,,
var_58_6,prod_58,Delan - CIEC - Talla 10,6710,,,CL,,,,,,,True,True,100,13500,10,,
var_59_1,prod_59,Pan Buzo - CIEC - Talla 2,6902,,,CL,,,,,,,True,True,100,11300,2,,
var_59_2,prod_59,Pan Buzo - CIEC - Talla 3,6903,,,CL,,,,,,,True,True,100,11500,3,,
var_59_3,prod_59,Pan Buzo - CIEC - Talla 4,6904,,,CL,,,,,,,True,True,100,11500,4,,
var_59_4,prod_59,Pan Buzo - CIEC - Talla 6,6906,,,CL,,,,,,,True,True,100,12000,6,,
var_59_5,prod_59,Pan Buzo - CIEC - Talla 8,6908,,,CL,,,,,,,True,True,100,12500,8,,
var_59_6,prod_59,Pan Buzo - CIEC - Talla 10,6910,,,CL,,,,,,,True,True,100,13000,10,,
var_60_1,prod_60,Chaque Buzo - CIEC - Talla 2,7002,,,CL,,,,,,,True,True,100,13500,2,,
var_60_2,prod_60,Chaque Buzo - CIEC - Talla 3,7003,,,CL,,,,,,,True,True,100,14000,3,,
var_60_3,prod_60,Chaque Buzo - CIEC - Talla 4,7004,,,CL,,,,,,,True,True,100,14000,4,,
var_60_4,prod_60,Chaque Buzo - CIEC - Talla 6,7006,,,CL,,,,,,,True,True,100,14000,6,,
var_60_5,prod_60,Chaque Buzo - CIEC - Talla 8,7008,,,CL,,,,,,,True,True,100,14500,8,,
var_60_6,prod_60,Chaque Buzo - CIEC - Talla 10,7010,,,CL,,,,,,,True,True,100,14500,10,,
var_61_1,prod_61,Polera MC - CIEC - Talla 2,7102,,,CL,,,,,,,True,True,100,10800,2,,
var_61_2,prod_61,Polera MC - CIEC - Talla 3,7103,,,CL,,,,,,,True,True,100,10800,3,,
var_61_3,prod_61,Polera MC - CIEC - Talla 4,7104,,,CL,,,,,,,True,True,100,11000,4,,
var_61_4,prod_61,Polera MC - CIEC - Talla 6,7106,,,CL,,,,,,,True,True,100,11000,6,,
var_61_5,prod_61,Polera MC - CIEC - Talla 8,7108,,,CL,,,,,,,True,True,100,11500,8,,
var_61_6,prod_61,Polera MC - CIEC - Talla 10,7110,,,CL,,,,,,,True,True,100,11500,10,,
var_62_1,prod_62,Polera ML - CIEC - Talla 2,7202,,,CL,,,,,,,True,True,100,10200,2,,
var_62_2,prod_62,Polera ML - CIEC - Talla 3,7203,,,CL,,,,,,,True,True,100,11500,3,,
var_62_3,prod_62,Polera ML - CIEC - Talla 4,7204,,,CL,,,,,,,True,True,100,11500,4,,
var_62_4,prod_62,Polera ML - CIEC - Talla 6,7206,,,CL,,,,,,,True,True,100,12000,6,,
var_62_5,prod_62,Polera ML - CIEC - Talla 8,7208,,,CL,,,,,,,True,True,100,12500,8,,
var_62_6,prod_62,Polera ML - CIEC - Talla 10,7210,,,CL,,,,,,,True,True,100,12500,10,,
var_63_1,prod_63,Co - CIEC - Talla 2,7302,,,CL,,,,,,,True,True,100,12000,2,,
var_63_2,prod_63,Co - CIEC - Talla 3,7303,,,CL,,,,,,,True,True,100,12000,3,,
var_63_3,prod_63,Co - CIEC - Talla 4,7304,,,CL,,,,,,,True,True,100,12500,4,,
var_63_4,prod_63,Co - CIEC - Talla 6,7306,,,CL,,,,,,,True,True,100,13000,6,,
var_63_5,prod_63,Co - CIEC - Talla 8,7308,,,CL,,,,,,,True,True,100,13500,8,,
var_63_6,prod_63,Co - CIEC - Talla 10,7310,,,CL,,,,,,,True,True,100,13500,10,,
var_64_1,prod_64,Polar Rojo - CIEC - Talla 2,7402,,,CL,,,,,,,True,True,100,14700,2,,
var_64_2,prod_64,Polar Rojo - CIEC - Talla 3,7403,,,CL,,,,,,,True,True,100,14700,3,,
var_64_3,prod_64,Polar Rojo - CIEC - Talla 4,7404,,,CL,,,,,,,True,True,100,14500,4,,
var_64_4,prod_64,Polar Rojo - CIEC - Talla 6,7406,,,CL,,,,,,,True,True,100,15500,6,,
var_64_5,prod_64,Polar Rojo - CIEC - Talla 8,7408,,,CL,,,,,,,True,True,100,15500,8,,
var_64_6,prod_64,Polar Rojo - CIEC - Talla 10,7410,,,CL,,,,,,,True,True,100,15500,10,,
var_65_1,prod_65,Calza Cor - CIEC - Talla 2,7502,,,CL,,,,,,,True,True,100,6500,2,,
var_65_2,prod_65,Calza Cor - CIEC - Talla 3,7503,,,CL,,,,,,,True,True,100,6500,3,,
var_65_3,prod_65,Calza Cor - CIEC - Talla 4,7504,,,CL,,,,,,,True,True,100,7000,4,,
var_65_4,prod_65,Calza Cor - CIEC - Talla 6,7506,,,CL,,,,,,,True,True,100,7500,6,,
var_65_5,prod_65,Calza Cor - CIEC - Talla 8,7508,,,CL,,,,,,,True,True,100,7500,8,,
var_65_6,prod_65,Calza Cor - CIEC - Talla 10,7510,,,CL,,,,,,,True,True,100,8000,10,,
var_66_1,prod_66,Calza Larga - CIEC - Talla 2,7602,,,CL,,,,,,,True,True,100,9000,2,,
var_66_2,prod_66,Calza Larga - CIEC - Talla 3,7603,,,CL,,,,,,,True,True,100,9000,3,,
var_66_3,prod_66,Calza Larga - CIEC - Talla 4,7604,,,CL,,,,,,,True,True,100,9000,4,,
var_66_4,prod_66,Calza Larga - CIEC - Talla 6,7606,,,CL,,,,,,,True,True,100,9000,6,,
var_66_5,prod_66,Calza Larga - CIEC - Talla 8,7608,,,CL,,,,,,,True,True,100,11000,8,,
var_66_6,prod_66,Calza Larga - CIEC - Talla 10,7610,,,CL,,,,,,,True,True,100,11000,10,,
var_67_1,prod_67,Short - CIEC - Talla 2,7702,,,CL,,,,,,,True,True,100,8000,2,,
var_67_2,prod_67,Short - CIEC - Talla 3,7703,,,CL,,,,,,,True,True,100,8000,3,,
var_67_3,prod_67,Short - CIEC - Talla 4,7704,,,CL,,,,,,,True,True,100,9000,4,,
var_67_4,prod_67,Short - CIEC - Talla 6,7706,,,CL,,,,,,,True,True,100,9500,6,,
var_67_5,prod_67,Short - CIEC - Talla 8,7708,,,CL,,,,,,,True,True,100,10000,8,,
var_67_6,prod_67,Short - CIEC - Talla 10,7710,,,CL,,,,,,,True,True,100,10000,10,,
var_68_1,prod_68,nan - CIEC,7801,,,CL,,,,,,,True,True,100,4000,Única,,
var_69_1,prod_69,Parka Ciecc - CIEC - Talla 3,7803,,,CL,,,,,,,True,True,100,22000,3,,
var_69_2,prod_69,Parka Ciecc - CIEC - Talla 4,7804,,,CL,,,,,,,True,True,100,23000,4,,
var_69_3,prod_69,Parka Ciecc - CIEC - Talla 6,7806,,,CL,,,,,,,True,True,100,24000,6,,
var_69_4,prod_69,Parka Ciecc - CIEC - Talla 8,7808,,,CL,,,,,,,True,True,100,24500,8,,
var_69_5,prod_69,Parka Ciecc - CIEC - Talla 10,7810,,,CL,,,,,,,True,True,100,24800,10,,
var_70_1,prod_70,Bolsi Kinder - CIEC - Talla A,7900,,,CL,,,,,,,True,True,100,5700,A,,
var_71_1,prod_71,Polera MC - SOLRÍE - Talla 2,8102,,,CL,,,,,,,True,True,100,9000,2,,
var_71_2,prod_71,Polera MC - SOLRÍE - Talla 3,8103,,,CL,,,,,,,True,True,100,10000,3,,
var_71_3,prod_71,Polera MC - SOLRÍE - Talla 4,8104,,,CL,,,,,,,True,True,100,10000,4,,
var_71_4,prod_71,Polera MC - SOLRÍE - Talla 6,8106,,,CL,,,,,,,True,True,100,10000,6,,
var_71_5,prod_71,Polera MC - SOLRÍE - Talla 8,8108,,,CL,,,,,,,True,True,100,10000,8,,
var_71_6,prod_71,Polera MC - SOLRÍE - Talla 10,8110,,,CL,,,,,,,True,True,100,10000,10,,
var_72_1,prod_72,Polera ML - SOLRÍE - Talla 2,8202,,,CL,,,,,,,True,True,100,11100,2,,
var_72_2,prod_72,Polera ML - SOLRÍE - Talla 3,8203,,,CL,,,,,,,True,True,100,11100,3,,
var_72_3,prod_72,Polera ML - SOLRÍE - Talla 4,8204,,,CL,,,,,,,True,True,100,11800,4,,
var_72_4,prod_72,Polera ML - SOLRÍE - Talla 6,8206,,,CL,,,,,,,True,True,100,11800,6,,
var_72_5,prod_72,Polera ML - SOLRÍE - Talla 8,8208,,,CL,,,,,,,True,True,100,12400,8,,
var_72_6,prod_72,Polera ML - SOLRÍE - Talla 10,8210,,,CL,,,,,,,True,True,100,12800,10,,
var_73_1,prod_73,Pan Buzo - SOLRÍE - Talla 2,8302,,,CL,,,,,,,True,True,100,11500,2,,
var_73_2,prod_73,Pan Buzo - SOLRÍE - Talla 3,8303,,,CL,,,,,,,True,True,100,11500,3,,
var_73_3,prod_73,Pan Buzo - SOLRÍE - Talla 4,8304,,,CL,,,,,,,True,True,100,12000,4,,
var_73_4,prod_73,Pan Buzo - SOLRÍE - Talla 6,8306,,,CL,,,,,,,True,True,100,12000,6,,
var_73_5,prod_73,Pan Buzo - SOLRÍE - Talla 8,8308,,,CL,,,,,,,True,True,100,12500,8,,
var_73_6,prod_73,Pan Buzo - SOLRÍE - Talla 10,8310,,,CL,,,,,,,True,True,100,12500,10,,
var_74_1,prod_74,Polerón Buzo - SOLRÍE - Talla 2,8402,,,CL,,,,,,,True,True,100,14000,2,,
var_74_2,prod_74,Polerón Buzo - SOLRÍE - Talla 3,8403,,,CL,,,,,,,True,True,100,14000,3,,
var_74_3,prod_74,Polerón Buzo - SOLRÍE - Talla 4,8404,,,CL,,,,,,,True,True,100,14500,4,,
var_74_4,prod_74,Polerón Buzo - SOLRÍE - Talla 6,8406,,,CL,,,,,,,True,True,100,14500,6,,
var_74_5,prod_74,Polerón Buzo - SOLRÍE - Talla 8,8408,,,CL,,,,,,,True,True,100,14500,8,,
var_74_6,prod_74,Polerón Buzo - SOLRÍE - Talla 10,8410,,,CL,,,,,,,True,True,100,14800,10,,
var_75_1,prod_75,Delan - SOLRÍE - Talla 2,8502,,,CL,,,,,,,True,True,100,8000,2,,
var_75_2,prod_75,Delan - SOLRÍE - Talla 3,8503,,,CL,,,,,,,True,True,100,8000,3,,
var_75_3,prod_75,Delan - SOLRÍE - Talla 4,8504,,,CL,,,,,,,True,True,100,8000,4,,
var_75_4,prod_75,Delan - SOLRÍE - Talla 6,8506,,,CL,,,,,,,True,True,100,10000,6,,
var_75_5,prod_75,Delan - SOLRÍE - Talla 8,8508,,,CL,,,,,,,True,True,100,8500,8,,
var_75_6,prod_75,Delan - SOLRÍE - Talla 10,8510,,,CL,,,,,,,True,True,100,8800,10,,
var_76_1,prod_76,Co - SOLRÍE - Talla 2,8602,,,CL,,,,,,,True,True,100,8000,2,,
var_76_2,prod_76,Co - SOLRÍE - Talla 3,8603,,,CL,,,,,,,True,True,100,8000,3,,
var_76_3,prod_76,Co - SOLRÍE - Talla 4,8604,,,CL,,,,,,,True,True,100,8000,4,,
var_76_4,prod_76,Co - SOLRÍE - Talla 6,8606,,,CL,,,,,,,True,True,100,10000,6,,
var_76_5,prod_76,Co - SOLRÍE - Talla 8,8608,,,CL,,,,,,,True,True,100,8500,8,,
var_76_6,prod_76,Co - SOLRÍE - Talla 10,8610,,,CL,,,,,,,True,True,100,8800,10,,
var_77_1,prod_77,Polar Azul - SOLRÍE - Talla 2,8702,,,CL,,,,,,,True,True,100,10000,2,,
var_77_2,prod_77,Polar Azul - SOLRÍE - Talla 3,8703,,,CL,,,,,,,True,True,100,14000,3,,
var_77_3,prod_77,Polar Azul - SOLRÍE - Talla 4,8704,,,CL,,,,,,,True,True,100,14700,4,,
var_77_4,prod_77,Polar Azul - SOLRÍE - Talla 6,8706,,,CL,,,,,,,True,True,100,15300,6,,
var_77_5,prod_77,Polar Azul - SOLRÍE - Talla 8,8708,,,CL,,,,,,,True,True,100,15900,8,,
var_77_6,prod_77,Polar Azul - SOLRÍE - Talla 10,8710,,,CL,,,,,,,True,True,100,15900,10,,
var_78_1,prod_78,Polera Pique - JUAN XXIII - Talla 4,9104,,,CL,,,,,,,True,True,100,12500,4,,
var_78_2,prod_78,Polera Pique - JUAN XXIII - Talla 6,9106,,,CL,,,,,,,True,True,100,13000,6,,
var_78_3,prod_78,Polera Pique - JUAN XXIII - Talla 8,9108,,,CL,,,,,,,True,True,100,13500,8,,
var_78_4,prod_78,Polera Pique - JUAN XXIII - Talla 10,9110,,,CL,,,,,,,True,True,100,13500,10,,
var_78_5,prod_78,Polera Pique - JUAN XXIII - Talla 12,9112,,,CL,,,,,,,True,True,100,13500,12,,
var_78_6,prod_78,Polera Pique - JUAN XXIII - Talla 14,9114,,,CL,,,,,,,True,True,100,14000,14,,
var_78_7,prod_78,Polera Pique - JUAN XXIII - Talla 16,9116,,,CL,,,,,,,True,True,100,14000,16,,
var_78_8,prod_78,Polera Pique - JUAN XXIII - Talla S,9118,,,CL,,,,,,,True,True,100,15000,S,,
var_78_9,prod_78,Polera Pique - JUAN XXIII - Talla M,9120,,,CL,,,,,,,True,True,100,15000,M,,
var_78_10,prod_78,Polera Pique - JUAN XXIII - Talla L,9122,,,CL,,,,,,,True,True,100,15000,L,,
var_78_11,prod_78,Polera Pique - JUAN XXIII - Talla XL,9124,,,CL,,,,,,,True,True,100,15500,XL,,
var_78_12,prod_78,Polera Pique - JUAN XXIII - Talla XXL,9126,,,CL,,,,,,,True,True,100,15500,XXL,,
var_79_1,prod_79,Polera Polo - JUAN XXIII - Talla 4,9204,,,CL,,,,,,,True,True,100,8000,4,,
var_79_2,prod_79,Polera Polo - JUAN XXIII - Talla 6,9206,,,CL,,,,,,,True,True,100,8000,6,,
var_79_3,prod_79,Polera Polo - JUAN XXIII - Talla 8,9208,,,CL,,,,,,,True,True,100,8500,8,,
var_79_4,prod_79,Polera Polo - JUAN XXIII - Talla 10,9210,,,CL,,,,,,,True,True,100,8500,10,,
var_79_5,prod_79,Polera Polo - JUAN XXIII - Talla 12,9212,,,CL,,,,,,,True,True,100,9000,12,,
var_79_6,prod_79,Polera Polo - JUAN XXIII - Talla 14,9214,,,CL,,,,,,,True,True,100,9000,14,,
var_79_7,prod_79,Polera Polo - JUAN XXIII - Talla 16,9216,,,CL,,,,,,,True,True,100,9500,16,,
var_79_8,prod_79,Polera Polo - JUAN XXIII - Talla S,9218,,,CL,,,,,,,True,True,100,9500,S,,
var_79_9,prod_79,Polera Polo - JUAN XXIII - Talla M,9220,,,CL,,,,,,,True,True,100,10000,M,,
var_79_10,prod_79,Polera Polo - JUAN XXIII - Talla L,9222,,,CL,,,,,,,True,True,100,10000,L,,
var_79_11,prod_79,Polera Polo - JUAN XXIII - Talla XL,9224,,,CL,,,,,,,True,True,100,10500,XL,,
var_79_12,prod_79,Polera Polo - JUAN XXIII - Talla XXL,9226,,,CL,,,,,,,True,True,100,10500,XXL,,
var_80_1,prod_80,Pan Buzo - JUAN XXIII - Talla 4,9304,,,CL,,,,,,,True,True,100,11500,4,,
var_80_2,prod_80,Pan Buzo - JUAN XXIII - Talla 6,9306,,,CL,,,,,,,True,True,100,12000,6,,
var_80_3,prod_80,Pan Buzo - JUAN XXIII - Talla 8,9308,,,CL,,,,,,,True,True,100,13000,8,,
var_80_4,prod_80,Pan Buzo - JUAN XXIII - Talla 10,9310,,,CL,,,,,,,True,True,100,13000,10,,
var_80_5,prod_80,Pan Buzo - JUAN XXIII - Talla 12,9312,,,CL,,,,,,,True,True,100,14000,12,,
var_80_6,prod_80,Pan Buzo - JUAN XXIII - Talla 14,9314,,,CL,,,,,,,True,True,100,14500,14,,
var_80_7,prod_80,Pan Buzo - JUAN XXIII - Talla 16,9316,,,CL,,,,,,,True,True,100,15000,16,,
var_80_8,prod_80,Pan Buzo - JUAN XXIII - Talla S,9318,,,CL,,,,,,,True,True,100,15500,S,,
var_80_9,prod_80,Pan Buzo - JUAN XXIII - Talla M,9320,,,CL,,,,,,,True,True,100,15500,M,,
var_80_10,prod_80,Pan Buzo - JUAN XXIII - Talla L,9322,,,CL,,,,,,,True,True,100,16000,L,,
var_80_11,prod_80,Pan Buzo - JUAN XXIII - Talla XL,9324,,,CL,,,,,,,True,True,100,16500,XL,,
var_80_12,prod_80,Pan Buzo - JUAN XXIII - Talla XXL,9326,,,CL,,,,,,,True,True,100,17000,XXL,,
var_81_1,prod_81,Chaque Buzo - JUAN XXIII - Talla 4,9404,,,CL,,,,,,,True,True,100,14000,4,,
var_81_2,prod_81,Chaque Buzo - JUAN XXIII - Talla 6,9406,,,CL,,,,,,,True,True,100,14500,6,,
var_81_3,prod_81,Chaque Buzo - JUAN XXIII - Talla 8,9408,,,CL,,,,,,,True,True,100,14500,8,,
var_81_4,prod_81,Chaque Buzo - JUAN XXIII - Talla 10,9410,,,CL,,,,,,,True,True,100,15000,10,,
var_81_5,prod_81,Chaque Buzo - JUAN XXIII - Talla 12,9412,,,CL,,,,,,,True,True,100,15000,12,,
var_81_6,prod_81,Chaque Buzo - JUAN XXIII - Talla 14,9414,,,CL,,,,,,,True,True,100,16000,14,,
var_81_7,prod_81,Chaque Buzo - JUAN XXIII - Talla 16,9416,,,CL,,,,,,,True,True,100,16000,16,,
var_81_8,prod_81,Chaque Buzo - JUAN XXIII - Talla S,9418,,,CL,,,,,,,True,True,100,16500,S,,
var_81_9,prod_81,Chaque Buzo - JUAN XXIII - Talla M,9420,,,CL,,,,,,,True,True,100,17000,M,,
var_81_10,prod_81,Chaque Buzo - JUAN XXIII - Talla L,9422,,,CL,,,,,,,True,True,100,17500,L,,
var_81_11,prod_81,Chaque Buzo - JUAN XXIII - Talla XL,9424,,,CL,,,,,,,True,True,100,18500,XL,,
var_81_12,prod_81,Chaque Buzo - JUAN XXIII - Talla XXL,9426,,,CL,,,,,,,True,True,100,19500,XXL,,
var_82_1,prod_82,Delan Celes - JUAN XXIII - Talla 4,9504,,,CL,,,,,,,True,True,100,10200,4,,
var_82_2,prod_82,Delan Celes - JUAN XXIII - Talla 6,9506,,,CL,,,,,,,True,True,100,10800,6,,
var_82_3,prod_82,Delan Celes - JUAN XXIII - Talla 8,9508,,,CL,,,,,,,True,True,100,11100,8,,
var_82_4,prod_82,Delan Celes - JUAN XXIII - Talla 10,9510,,,CL,,,,,,,True,True,100,11300,10,,
var_82_5,prod_82,Delan Celes - JUAN XXIII - Talla 12,9512,,,CL,,,,,,,True,True,100,11300,12,,
var_82_6,prod_82,Delan Celes - JUAN XXIII - Talla 14,9514,,,CL,,,,,,,True,True,100,11900,14,,
var_82_7,prod_82,Delan Celes - JUAN XXIII - Talla 16,9516,,,CL,,,,,,,True,True,100,12500,16,,
var_82_8,prod_82,Delan Celes - JUAN XXIII - Talla S,9518,,,CL,,,,,,,True,True,100,14700,S,,
var_82_9,prod_82,Delan Celes - JUAN XXIII - Talla M,9520,,,CL,,,,,,,True,True,100,15300,M,,
var_82_10,prod_82,Delan Celes - JUAN XXIII - Talla L,9522,,,CL,,,,,,,True,True,100,15900,L,,
var_82_11,prod_82,Delan Celes - JUAN XXIII - Talla XL,9524,,,CL,,,,,,,True,True,100,16400,XL,,
var_82_12,prod_82,Delan Celes - JUAN XXIII - Talla XXL,9526,,,CL,,,,,,,True,True,100,18500,XXL,,
var_83_1,prod_83,Short - JUAN XXIII - Talla 6,9606,,,CL,,,,,,,True,True,100,9500,6,,
var_83_2,prod_83,Short - JUAN XXIII - Talla 8,9608,,,CL,,,,,,,True,True,100,9800,8,,
var_83_3,prod_83,Short - JUAN XXIII - Talla 10,9610,,,CL,,,,,,,True,True,100,10000,10,,
var_83_4,prod_83,Short - JUAN XXIII - Talla 12,9612,,,CL,,,,,,,True,True,100,10800,12,,
var_83_5,prod_83,Short - JUAN XXIII - Talla 14,9614,,,CL,,,,,,,True,True,100,11500,14,,
var_83_6,prod_83,Short - JUAN XXIII - Talla 16,9616,,,CL,,,,,,,True,True,100,12500,16,,
var_83_7,prod_83,Short - JUAN XXIII - Talla S,9618,,,CL,,,,,,,True,True,100,13500,S,,
var_83_8,prod_83,Short - JUAN XXIII - Talla M,9620,,,CL,,,,,,,True,True,100,14000,M,,
var_83_9,prod_83,Short - JUAN XXIII - Talla L,9622,,,CL,,,,,,,True,True,100,14500,L,,
var_83_10,prod_83,Short - JUAN XXIII - Talla XL,9624,,,CL,,,,,,,True,True,100,14800,XL,,
var_84_1,prod_84,Bolsi kinder azul marino - JUAN XXIII - Talla A,9700,,,CL,,,,,,,True,True,100,6000,A,,
var_85_1,prod_85,bolsi azul marino chica - JUAN XXIII - Talla A,9704,,,CL,,,,,,,True,True,100,4000,A,,
var_86_1,prod_86,Parkas - JUAN XXIII - Talla 6,9706,,,CL,,,,,,,True,True,100,34000,6,,
var_86_2,prod_86,Parkas - JUAN XXIII - Talla 8,9708,,,CL,,,,,,,True,True,100,34000,8,,
var_86_3,prod_86,Parkas - JUAN XXIII - Talla 10,9710,,,CL,,,,,,,True,True,100,35000,10,,
var_86_4,prod_86,Parkas - JUAN XXIII - Talla 12,9712,,,CL,,,,,,,True,True,100,36000,12,,
var_86_5,prod_86,Parkas - JUAN XXIII - Talla 14,9714,,,CL,,,,,,,True,True,100,38000,14,,
var_86_6,prod_86,Parkas - JUAN XXIII - Talla 16,9716,,,CL,,,,,,,True,True,100,39000,16,,
var_86_7,prod_86,Parkas - JUAN XXIII - Talla S,9718,,,CL,,,,,,,True,True,100,40000,S,,
var_86_8,prod_86,Parkas - JUAN XXIII - Talla M,9720,,,CL,,,,,,,True,True,100,42000,M,,
var_86_9,prod_86,Parkas - JUAN XXIII - Talla L,9722,,,CL,,,,,,,True,True,100,43000,L,,
var_86_10,prod_86,Parkas - JUAN XXIII - Talla XL,9724,,,CL,,,,,,,True,True,100,44000,XL,,
var_87_1,prod_87,1 - VARIOS CODIGOS,9999,,,CL,,,,,,,True,True,100,1,Única,,
var_88_1,prod_88,Chaqu - NAHUEL - Talla 2,10102,,,CL,,,,,,,True,True,100,12000,2,,
var_89_1,prod_89,Chaque - NAHUEL - Talla 3,10103,,,CL,,,,,,,True,True,100,12000,3,,
var_89_2,prod_89,Chaque - NAHUEL - Talla 4,10104,,,CL,,,,,,,True,True,100,14000,4,,
var_89_3,prod_89,Chaque - NAHUEL - Talla 6,10106,,,CL,,,,,,,True,True,100,14500,6,,
var_89_4,prod_89,Chaque - NAHUEL - Talla 8,10108,,,CL,,,,,,,True,True,100,14500,8,,
var_89_5,prod_89,Chaque - NAHUEL - Talla ALLA10,10110,,,CL,,,,,,,True,True,100,14800,ALLA10,,
var_90_1,prod_90,Pan - NAHUEL - Talla 2,10202,,,CL,,,,,,,True,True,100,11100,2,,
var_90_2,prod_90,Pan - NAHUEL - Talla 3,10203,,,CL,,,,,,,True,True,100,11500,3,,
var_90_3,prod_90,Pan - NAHUEL - Talla 4,10204,,,CL,,,,,,,True,True,100,11500,4,,
var_90_4,prod_90,Pan - NAHUEL - Talla 6,10206,,,CL,,,,,,,True,True,100,12000,6,,
var_90_5,prod_90,Pan - NAHUEL - Talla 8,10208,,,CL,,,,,,,True,True,100,12000,8,,
var_90_6,prod_90,Pan - NAHUEL - Talla 10,10210,,,CL,,,,,,,True,True,100,12000,10,,
var_91_1,prod_91,Polera - NAHUEL - Talla 2,10302,,,CL,,,,,,,True,True,100,8800,2,,
var_92_1,prod_92,Polera Piqué - NAHUEL - Talla 3,10303,,,CL,,,,,,,True,True,100,10000,3,,
var_92_2,prod_92,Polera Piqué - NAHUEL - Talla 4,10304,,,CL,,,,,,,True,True,100,10500,4,,
var_92_3,prod_92,Polera Piqué - NAHUEL - Talla 6,10306,,,CL,,,,,,,True,True,100,10500,6,,
var_92_4,prod_92,Polera Piqué - NAHUEL - Talla 8,10308,,,CL,,,,,,,True,True,100,11500,8,,
var_92_5,prod_92,Polera Piqué - NAHUEL - Talla 10,10310,,,CL,,,,,,,True,True,100,11500,10,,
var_92_6,prod_92,Polera Piqué - NAHUEL - Talla 3,10403,,,CL,,,,,,,True,True,100,11100,3,,
var_92_7,prod_92,Polera Piqué - NAHUEL - Talla 4,10404,,,CL,,,,,,,True,True,100,12000,4,,
var_92_8,prod_92,Polera Piqué - NAHUEL - Talla 6,10406,,,CL,,,,,,,True,True,100,12000,6,,
var_92_9,prod_92,Polera Piqué - NAHUEL - Talla 8,10408,,,CL,,,,,,,True,True,100,12500,8,,
var_92_10,prod_92,Polera Piqué - NAHUEL - Talla 10,10410,,,CL,,,,,,,True,True,100,12500,10,,
var_93_1,prod_93,Polera pique - NAHUEL - Talla 2,10402,,,CL,,,,,,,True,True,100,9800,2,,
var_94_1,prod_94,nan - Talla 2,10502,,,CL,,,,,,,True,True,100,9000,2,,
var_94_2,prod_94,nan - Talla 10,10510,,,CL,,,,,,,True,True,100,10000,10,,
var_94_3,prod_94,nan - Talla 2,10602,,,CL,,,,,,,True,True,100,9000,2,,
var_94_4,prod_94,nan - Talla 10,10610,,,CL,,,,,,,True,True,100,10000,10,,
var_94_5,prod_94,nan - Talla 2,10702,,,CL,,,,,,,True,True,100,10000,2,,
var_94_6,prod_94,nan - Talla 4,50004,,,CL,,,,,,,True,True,100,10000,4,,
var_94_7,prod_94,nan - Talla 6,50006,,,CL,,,,,,,True,True,100,10000,6,,
var_94_8,prod_94,nan - Talla 8,50008,,,CL,,,,,,,True,True,100,10000,8,,
var_94_9,prod_94,nan - Talla 10,50010,,,CL,,,,,,,True,True,100,10000,10,,
var_94_10,prod_94,nan - Talla 12,50012,,,CL,,,,,,,True,True,100,10000,12,,
var_94_11,prod_94,nan - Talla 14,50014,,,CL,,,,,,,True,True,100,10000,14,,
var_94_12,prod_94,nan - Talla 16,50016,,,CL,,,,,,,True,True,100,10000,16,,
var_94_13,prod_94,nan - Talla S,50018,,,CL,,,,,,,True,True,100,10000,S,,
var_94_14,prod_94,nan - Talla M,50020,,,CL,,,,,,,True,True,100,10000,M,,
var_94_15,prod_94,nan - Talla L,50022,,,CL,,,,,,,True,True,100,10000,L,,
var_94_16,prod_94,nan - Talla 4,51004,,,CL,,,,,,,True,True,100,8000,4,,
var_94_17,prod_94,nan - Talla 6,51006,,,CL,,,,,,,True,True,100,8000,6,,
var_94_18,prod_94,nan - Talla 8,51008,,,CL,,,,,,,True,True,100,8500,8,,
var_94_19,prod_94,nan - Talla 10,51010,,,CL,,,,,,,True,True,100,8800,10,,
var_94_20,prod_94,nan - Talla 12,51012,,,CL,,,,,,,True,True,100,8800,12,,
var_94_21,prod_94,nan - Talla 14,51014,,,CL,,,,,,,True,True,100,9300,14,,
var_94_22,prod_94,nan - Talla 16,51016,,,CL,,,,,,,True,True,100,9800,16,,
var_94_23,prod_94,nan - Talla S,51018,,,CL,,,,,,,True,True,100,10800,S,,
var_94_24,prod_94,nan - Talla M,51020,,,CL,,,,,,,True,True,100,11800,M,,
var_94_25,prod_94,nan - Talla L,51022,,,CL,,,,,,,True,True,100,12300,L,,
var_94_26,prod_94,nan - Talla XL,51024,,,CL,,,,,,,True,True,100,12800,XL,,
var_94_27,prod_94,nan - Talla 4,52004,,,CL,,,,,,,True,True,100,9000,4,,
var_94_28,prod_94,nan - Talla 6,52006,,,CL,,,,,,,True,True,100,9000,6,,
var_94_29,prod_94,nan - Talla 8,52008,,,CL,,,,,,,True,True,100,9500,8,,
var_94_30,prod_94,nan - Talla 10,52010,,,CL,,,,,,,True,True,100,9800,10,,
var_94_31,prod_94,nan - Talla 12,52012,,,CL,,,,,,,True,True,100,9800,12,,
var_94_32,prod_94,nan - Talla 14,52014,,,CL,,,,,,,True,True,100,10300,14,,
var_94_33,prod_94,nan - Talla 16,52016,,,CL,,,,,,,True,True,100,10800,16,,
var_94_34,prod_94,nan - Talla S,52018,,,CL,,,,,,,True,True,100,11800,S,,
var_94_35,prod_94,nan - Talla M,52020,,,CL,,,,,,,True,True,100,12800,M,,
var_94_36,prod_94,nan - Talla L,52022,,,CL,,,,,,,True,True,100,13300,L,,
var_94_37,prod_94,nan - Talla 4,53004,,,CL,,,,,,,True,True,100,7000,4,,
var_94_38,prod_94,nan - Talla 6,53006,,,CL,,,,,,,True,True,100,7000,6,,
var_94_39,prod_94,nan - Talla 8,53008,,,CL,,,,,,,True,True,100,7500,8,,
var_94_40,prod_94,nan - Talla 10,53010,,,CL,,,,,,,True,True,100,7800,10,,
var_94_41,prod_94,nan - Talla 12,53012,,,CL,,,,,,,True,True,100,7800,12,,
var_94_42,prod_94,nan - Talla 14,53014,,,CL,,,,,,,True,True,100,8300,14,,
var_94_43,prod_94,nan - Talla 16,53016,,,CL,,,,,,,True,True,100,8800,16,,
var_94_44,prod_94,nan - Talla S,53018,,,CL,,,,,,,True,True,100,9000,S,,
var_94_45,prod_94,nan - Talla M,53020,,,CL,,,,,,,True,True,100,9300,M,,
var_94_46,prod_94,nan - Talla L,53022,,,CL,,,,,,,True,True,100,9500,L,,
var_94_47,prod_94,nan - Talla 4,54004,,,CL,,,,,,,True,True,100,8000,4,,
var_94_48,prod_94,nan - Talla 6,54006,,,CL,,,,,,,True,True,100,8000,6,,
var_94_49,prod_94,nan - Talla 8,54008,,,CL,,,,,,,True,True,100,8500,8,,
var_94_50,prod_94,nan - Talla 10,54010,,,CL,,,,,,,True,True,100,8800,10,,
var_94_51,prod_94,nan - Talla 12,54012,,,CL,,,,,,,True,True,100,8800,12,,
var_94_52,prod_94,nan - Talla 14,54014,,,CL,,,,,,,True,True,100,9300,14,,
var_94_53,prod_94,nan - Talla 16,54016,,,CL,,,,,,,True,True,100,9800,16,,
var_94_54,prod_94,nan - Talla S,54018,,,CL,,,,,,,True,True,100,10000,S,,
var_94_55,prod_94,nan - Talla M,54020,,,CL,,,,,,,True,True,100,10300,M,,
var_94_56,prod_94,nan - Talla L,54022,,,CL,,,,,,,True,True,100,10500,L,,
var_94_57,prod_94,nan - Talla 4,55004,,,CL,,,,,,,True,True,100,10000,4,,
var_94_58,prod_94,nan - Talla 6,55006,,,CL,,,,,,,True,True,100,10000,6,,
var_94_59,prod_94,nan - Talla 8,55008,,,CL,,,,,,,True,True,100,10000,8,,
var_94_60,prod_94,nan - Talla 10,55010,,,CL,,,,,,,True,True,100,10000,10,,
var_94_61,prod_94,nan - Talla 12,55012,,,CL,,,,,,,True,True,100,10000,12,,
var_94_62,prod_94,nan - Talla 14,55014,,,CL,,,,,,,True,True,100,10000,14,,
var_94_63,prod_94,nan - Talla 16,55016,,,CL,,,,,,,True,True,100,10000,16,,
var_94_64,prod_94,nan - Talla S,55018,,,CL,,,,,,,True,True,100,10000,S,,
var_94_65,prod_94,nan - Talla M,55020,,,CL,,,,,,,True,True,100,10000,M,,
var_94_66,prod_94,nan - Talla L,55022,,,CL,,,,,,,True,True,100,21800,L,,
var_94_67,prod_94,nan - Talla 4,56004,,,CL,,,,,,,True,True,100,5000,4,,
var_94_68,prod_94,nan - Talla 6,56006,,,CL,,,,,,,True,True,100,5000,6,,
var_94_69,prod_94,nan - Talla 8,56008,,,CL,,,,,,,True,True,100,5000,8,,
var_94_70,prod_94,nan - Talla 10,56010,,,CL,,,,,,,True,True,100,5000,10,,
var_94_71,prod_94,nan - Talla 12,56012,,,CL,,,,,,,True,True,100,5000,12,,
var_94_72,prod_94,nan - Talla 14,56014,,,CL,,,,,,,True,True,100,5000,14,,
var_94_73,prod_94,nan - Talla 16,56016,,,CL,,,,,,,True,True,100,5000,16,,
var_94_74,prod_94,nan - Talla S,56018,,,CL,,,,,,,True,True,100,5000,S,,
var_94_75,prod_94,nan - Talla M,56020,,,CL,,,,,,,True,True,100,5000,M,,
var_94_76,prod_94,nan - Talla L,56022,,,CL,,,,,,,True,True,100,5000,L,,
var_94_77,prod_94,nan - Talla XL,56024,,,CL,,,,,,,True,True,100,5000,XL,,
var_94_78,prod_94,nan - Talla 4,57004,,,CL,,,,,,,True,True,100,5000,4,,
var_94_79,prod_94,nan - Talla 6,57006,,,CL,,,,,,,True,True,100,5000,6,,
var_94_80,prod_94,nan - Talla 8,57008,,,CL,,,,,,,True,True,100,5000,8,,
var_94_81,prod_94,nan - Talla 10,57010,,,CL,,,,,,,True,True,100,5000,10,,
var_94_82,prod_94,nan - Talla 12,57012,,,CL,,,,,,,True,True,100,5000,12,,
var_94_83,prod_94,nan - Talla 14,57014,,,CL,,,,,,,True,True,100,5000,14,,
var_94_84,prod_94,nan - Talla 16,57016,,,CL,,,,,,,True,True,100,5000,16,,
var_94_85,prod_94,nan - Talla S,57018,,,CL,,,,,,,True,True,100,5000,S,,
var_94_86,prod_94,nan - Talla M,57020,,,CL,,,,,,,True,True,100,5000,M,,
var_94_87,prod_94,nan - Talla L,57022,,,CL,,,,,,,True,True,100,5000,L,,
var_94_88,prod_94,nan - Talla XL,57024,,,CL,,,,,,,True,True,100,5000,XL,,
var_94_89,prod_94,nan - Talla 3,99003,,,CL,,,,,,,True,True,100,8000,3,,
var_94_90,prod_94,nan - Talla 4,99004,,,CL,,,,,,,True,True,100,8000,4,,
var_94_91,prod_94,nan - Talla 6,99006,,,CL,,,,,,,True,True,100,8500,6,,
var_94_92,prod_94,nan - Talla 8,99008,,,CL,,,,,,,True,True,100,8500,8,,
var_95_1,prod_95,Delan - NAHUEL - Talla 3,10503,,,CL,,,,,,,True,True,100,10200,3,,
var_95_2,prod_95,Delan - NAHUEL - Talla 4,10504,,,CL,,,,,,,True,True,100,10200,4,,
var_95_3,prod_95,Delan - NAHUEL - Talla 6,10506,,,CL,,,,,,,True,True,100,10800,6,,
var_95_4,prod_95,Delan - NAHUEL - Talla 8,10508,,,CL,,,,,,,True,True,100,11100,8,,
var_96_1,prod_96,Co - NAHUEL - Talla 3,10603,,,CL,,,,,,,True,True,100,10200,3,,
var_96_2,prod_96,Co - NAHUEL - Talla 4,10604,,,CL,,,,,,,True,True,100,10200,4,,
var_96_3,prod_96,Co - NAHUEL - Talla 6,10606,,,CL,,,,,,,True,True,100,10800,6,,
var_96_4,prod_96,Co - NAHUEL - Talla 8,10608,,,CL,,,,,,,True,True,100,11100,8,,
var_97_1,prod_97,Polerón - NAHUEL - Talla 3,10703,,,CL,,,,,,,True,True,100,14700,3,,
var_97_2,prod_97,Polerón - NAHUEL - Talla 4,10704,,,CL,,,,,,,True,True,100,14500,4,,
var_97_3,prod_97,Polerón - NAHUEL - Talla 6,10706,,,CL,,,,,,,True,True,100,15300,6,,
var_97_4,prod_97,Polerón - NAHUEL - Talla 8,10708,,,CL,,,,,,,True,True,100,15900,8,,
var_97_5,prod_97,Polerón - NAHUEL - Talla 10,10710,,,CL,,,,,,,True,True,100,15900,10,,
var_98_1,prod_98,nan - Talla 3,12003,,,CL,,,,,,,True,True,100,22000,3,,
var_98_2,prod_98,nan - Talla 4,12004,,,CL,,,,,,,True,True,100,22000,4,,
var_98_3,prod_98,nan - Talla 6,12006,,,CL,,,,,,,True,True,100,23000,6,,
var_98_4,prod_98,nan - Talla 8,12008,,,CL,,,,,,,True,True,100,23000,8,,
var_98_5,prod_98,nan - Talla 10,12010,,,CL,,,,,,,True,True,100,24000,10,,
var_98_6,prod_98,nan - Talla 3,12103,,,CL,,,,,,,True,True,100,9000,3,,
var_98_7,prod_98,nan - Talla 4,12104,,,CL,,,,,,,True,True,100,9000,4,,
var_98_8,prod_98,nan - Talla 6,12106,,,CL,,,,,,,True,True,100,9500,6,,
var_98_9,prod_98,nan - Talla 8,12108,,,CL,,,,,,,True,True,100,9500,8,,
var_98_10,prod_98,nan - Talla ALON,12110,,,CL,,,,,,,True,True,100,9800,ALON,,
var_98_11,prod_98,nan - Talla 3,12203,,,CL,,,,,,,True,True,100,9000,3,,
var_98_12,prod_98,nan - Talla 4,12204,,,CL,,,,,,,True,True,100,9000,4,,
var_98_13,prod_98,nan - Talla 6,12206,,,CL,,,,,,,True,True,100,9,6,,
var_98_14,prod_98,nan - Talla 8,12208,,,CL,,,,,,,True,True,100,9000,8,,
var_98_15,prod_98,nan - Talla 10,12210,,,CL,,,,,,,True,True,100,9000,10,,
var_98_16,prod_98,nan - Talla 3,12303,,,CL,,,,,,,True,True,100,11000,3,,
var_98_17,prod_98,nan - Talla 4,12304,,,CL,,,,,,,True,True,100,11000,4,,
var_98_18,prod_98,nan - Talla 6,12306,,,CL,,,,,,,True,True,100,11000,6,,
var_98_19,prod_98,nan - Talla 8,12308,,,CL,,,,,,,True,True,100,11000,8,,
var_98_20,prod_98,nan - Talla 10,12310,,,CL,,,,,,,True,True,100,11000,10,,
var_98_21,prod_98,nan - Talla 3,12403,,,CL,,,,,,,True,True,100,13900,3,,
var_98_22,prod_98,nan - Talla 4,12404,,,CL,,,,,,,True,True,100,13900,4,,
var_98_23,prod_98,nan - Talla 6,12406,,,CL,,,,,,,True,True,100,14000,6,,
var_98_24,prod_98,nan - Talla 8,12408,,,CL,,,,,,,True,True,100,13500,8,,
var_98_25,prod_98,nan - Talla 10,12410,,,CL,,,,,,,True,True,100,13500,10,,
var_98_26,prod_98,nan - Talla A,96003,,,CL,,,,,,,True,True,100,5100,A,,
var_98_27,prod_98,nan - Talla A,96004,,,CL,,,,,,,True,True,100,4500,A,,
var_98_28,prod_98,nan - Talla A,96005,,,CL,,,,,,,True,True,100,5000,A,,
var_99_1,prod_99,Shor - COLEGIO LOS REYES - Talla NIÑA,19104,,,CL,,,,,,,True,True,100,5750,NIÑA,,
var_99_2,prod_99,Shor - COLEGIO LOS REYES - Talla NIÑA,19106,,,CL,,,,,,,True,True,100,5750,NIÑA,,
var_99_3,prod_99,Shor - COLEGIO LOS REYES - Talla NIÑA,19108,,,CL,,,,,,,True,True,100,6250,NIÑA,,
var_99_4,prod_99,Shor - COLEGIO LOS REYES - Talla NIÑA,19110,,,CL,,,,,,,True,True,100,6250,NIÑA,,
var_99_5,prod_99,Shor - COLEGIO LOS REYES - Talla NIÑA,19112,,,CL,,,,,,,True,True,100,6250,NIÑA,,
var_99_6,prod_99,Shor - COLEGIO LOS REYES - Talla NIÑA,19114,,,CL,,,,,,,True,True,100,6500,NIÑA,,
var_99_7,prod_99,Shor - COLEGIO LOS REYES - Talla NIÑA,19116,,,CL,,,,,,,True,True,100,6500,NIÑA,,
var_99_8,prod_99,Shor - COLEGIO LOS REYES - Talla NIÑA,19118,,,CL,,,,,,,True,True,100,6750,NIÑA,,
var_99_9,prod_99,Shor - COLEGIO LOS REYES - Talla NIÑA,19120,,,CL,,,,,,,True,True,100,7250,NIÑA,,
var_99_10,prod_99,Shor - COLEGIO LOS REYES - Talla NIÑA,19122,,,CL,,,,,,,True,True,100,7250,NIÑA,,
var_99_11,prod_99,Shor - COLEGIO LOS REYES - Talla NIÑA,19124,,,CL,,,,,,,True,True,100,7750,NIÑA,,
var_99_12,prod_99,Shor - COLEGIO LOS REYES - Talla NIÑA,19126,,,CL,,,,,,,True,True,100,7750,NIÑA,,
var_100_1,prod_100,Polera Manga Cor - YERPUN - MONTESORI - Talla 4,31004,,,CL,,,,,,,True,True,100,7000,4,,
var_100_2,prod_100,Polera Manga Cor - YERPUN - MONTESORI - Talla 6,31006,,,CL,,,,,,,True,True,100,7000,6,,
var_100_3,prod_100,Polera Manga Cor - YERPUN - MONTESORI - Talla 8,31008,,,CL,,,,,,,True,True,100,7500,8,,
var_100_4,prod_100,Polera Manga Cor - YERPUN - MONTESORI - Talla 10,31010,,,CL,,,,,,,True,True,100,7500,10,,
var_100_5,prod_100,Polera Manga Cor - YERPUN - MONTESORI - Talla 12,31012,,,CL,,,,,,,True,True,100,8000,12,,
var_100_6,prod_100,Polera Manga Cor - YERPUN - MONTESORI - Talla 14,31014,,,CL,,,,,,,True,True,100,8500,14,,
var_100_7,prod_100,Polera Manga Cor - YERPUN - MONTESORI - Talla 16,31016,,,CL,,,,,,,True,True,100,8800,16,,
var_100_8,prod_100,Polera Manga Cor - YERPUN - MONTESORI - Talla S,31018,,,CL,,,,,,,True,True,100,9500,S,,
var_100_9,prod_100,Polera Manga Cor - YERPUN - MONTESORI - Talla M,31020,,,CL,,,,,,,True,True,100,9800,M,,
var_100_10,prod_100,Polera Manga Cor - YERPUN - MONTESORI - Talla L,31022,,,CL,,,,,,,True,True,100,10000,L,,
var_100_11,prod_100,Polera Manga Cor - YERPUN - MONTESORI - Talla 4,41004,,,CL,,,,,,,True,True,100,7000,4,,
var_100_12,prod_100,Polera Manga Cor - YERPUN - MONTESORI - Talla 6,41006,,,CL,,,,,,,True,True,100,7000,6,,
var_100_13,prod_100,Polera Manga Cor - YERPUN - MONTESORI - Talla 8,41008,,,CL,,,,,,,True,True,100,7500,8,,
var_100_14,prod_100,Polera Manga Cor - YERPUN - MONTESORI - Talla 10,41010,,,CL,,,,,,,True,True,100,7500,10,,
var_100_15,prod_100,Polera Manga Cor - YERPUN - MONTESORI - Talla 12,41012,,,CL,,,,,,,True,True,100,8000,12,,
var_100_16,prod_100,Polera Manga Cor - YERPUN - MONTESORI - Talla 14,41014,,,CL,,,,,,,True,True,100,8500,14,,
var_100_17,prod_100,Polera Manga Cor - YERPUN - MONTESORI - Talla 16,41016,,,CL,,,,,,,True,True,100,8800,16,,
var_100_18,prod_100,Polera Manga Cor - YERPUN - MONTESORI - Talla S,41018,,,CL,,,,,,,True,True,100,9500,S,,
var_100_19,prod_100,Polera Manga Cor - YERPUN - MONTESORI - Talla M,41020,,,CL,,,,,,,True,True,100,9800,M,,
var_100_20,prod_100,Polera Manga Cor - YERPUN - MONTESORI - Talla L,41022,,,CL,,,,,,,True,True,100,10000,L,,
var_101_1,prod_101,Polera Manga Larga - YERPUN - MONTESORI - Talla 4,32004,,,CL,,,,,,,True,True,100,8000,4,,
var_101_2,prod_101,Polera Manga Larga - YERPUN - MONTESORI - Talla 6,32006,,,CL,,,,,,,True,True,100,8000,6,,
var_101_3,prod_101,Polera Manga Larga - YERPUN - MONTESORI - Talla 8,32008,,,CL,,,,,,,True,True,100,8500,8,,
var_101_4,prod_101,Polera Manga Larga - YERPUN - MONTESORI - Talla 10,32010,,,CL,,,,,,,True,True,100,8500,10,,
var_101_5,prod_101,Polera Manga Larga - YERPUN - MONTESORI - Talla 12,32012,,,CL,,,,,,,True,True,100,9000,12,,
var_101_6,prod_101,Polera Manga Larga - YERPUN - MONTESORI - Talla 14,32014,,,CL,,,,,,,True,True,100,9500,14,,
var_101_7,prod_101,Polera Manga Larga - YERPUN - MONTESORI - Talla 16,32016,,,CL,,,,,,,True,True,100,9800,16,,
var_101_8,prod_101,Polera Manga Larga - YERPUN - MONTESORI - Talla S,32018,,,CL,,,,,,,True,True,100,10500,S,,
var_101_9,prod_101,Polera Manga Larga - YERPUN - MONTESORI - Talla M,32020,,,CL,,,,,,,True,True,100,10800,M,,
var_101_10,prod_101,Polera Manga Larga - YERPUN - MONTESORI - Talla L,32022,,,CL,,,,,,,True,True,100,11000,L,,
var_101_11,prod_101,Polera Manga Larga - YERPUN - MONTESORI - Talla 4,42004,,,CL,,,,,,,True,True,100,8000,4,,
var_101_12,prod_101,Polera Manga Larga - YERPUN - MONTESORI - Talla 6,42006,,,CL,,,,,,,True,True,100,8000,6,,
var_101_13,prod_101,Polera Manga Larga - YERPUN - MONTESORI - Talla 8,42008,,,CL,,,,,,,True,True,100,8500,8,,
var_101_14,prod_101,Polera Manga Larga - YERPUN - MONTESORI - Talla 10,42010,,,CL,,,,,,,True,True,100,8500,10,,
var_101_15,prod_101,Polera Manga Larga - YERPUN - MONTESORI - Talla 12,42012,,,CL,,,,,,,True,True,100,9000,12,,
var_101_16,prod_101,Polera Manga Larga - YERPUN - MONTESORI - Talla 14,42014,,,CL,,,,,,,True,True,100,9500,14,,
var_101_17,prod_101,Polera Manga Larga - YERPUN - MONTESORI - Talla 16,42016,,,CL,,,,,,,True,True,100,9800,16,,
var_101_18,prod_101,Polera Manga Larga - YERPUN - MONTESORI - Talla S,42018,,,CL,,,,,,,True,True,100,10500,S,,
var_101_19,prod_101,Polera Manga Larga - YERPUN - MONTESORI - Talla M,42020,,,CL,,,,,,,True,True,100,10800,M,,
var_101_20,prod_101,Polera Manga Larga - YERPUN - MONTESORI - Talla L,42022,,,CL,,,,,,,True,True,100,11000,L,,
var_102_1,prod_102,Pan - YERPUN - MONTESORI - Talla 4,33004,,,CL,,,,,,,True,True,100,10000,4,,
var_102_2,prod_102,Pan - YERPUN - MONTESORI - Talla 6,33006,,,CL,,,,,,,True,True,100,13000,6,,
var_102_3,prod_102,Pan - YERPUN - MONTESORI - Talla 8,33008,,,CL,,,,,,,True,True,100,14000,8,,
var_102_4,prod_102,Pan - YERPUN - MONTESORI - Talla 10,33010,,,CL,,,,,,,True,True,100,13500,10,,
var_102_5,prod_102,Pan - YERPUN - MONTESORI - Talla 12,33012,,,CL,,,,,,,True,True,100,14000,12,,
var_102_6,prod_102,Pan - YERPUN - MONTESORI - Talla 14,33014,,,CL,,,,,,,True,True,100,14500,14,,
var_102_7,prod_102,Pan - YERPUN - MONTESORI - Talla 16,33016,,,CL,,,,,,,True,True,100,14500,16,,
var_102_8,prod_102,Pan - YERPUN - MONTESORI - Talla S,33018,,,CL,,,,,,,True,True,100,14800,S,,
var_102_9,prod_102,Pan - YERPUN - MONTESORI - Talla M,33020,,,CL,,,,,,,True,True,100,14800,M,,
var_102_10,prod_102,Pan - YERPUN - MONTESORI - Talla L,33022,,,CL,,,,,,,True,True,100,15000,L,,
var_102_11,prod_102,Pan - YERPUN - MONTESORI - Talla 4,43004,,,CL,,,,,,,True,True,100,10000,4,,
var_102_12,prod_102,Pan - YERPUN - MONTESORI - Talla 8,43008,,,CL,,,,,,,True,True,100,7000,8,,
var_102_13,prod_102,Pan - YERPUN - MONTESORI - Talla 10,43010,,,CL,,,,,,,True,True,100,7000,10,,
var_102_14,prod_102,Pan - YERPUN - MONTESORI - Talla 12,43012,,,CL,,,,,,,True,True,100,7000,12,,
var_102_15,prod_102,Pan - YERPUN - MONTESORI - Talla 14,43014,,,CL,,,,,,,True,True,100,7000,14,,
var_103_1,prod_103,Polerón - YERPUN - MONTESORI - Talla 4,34004,,,CL,,,,,,,True,True,100,12000,4,,
var_103_2,prod_103,Polerón - YERPUN - MONTESORI - Talla 6,34006,,,CL,,,,,,,True,True,100,13500,6,,
var_103_3,prod_103,Polerón - YERPUN - MONTESORI - Talla 8,34008,,,CL,,,,,,,True,True,100,14000,8,,
var_103_4,prod_103,Polerón - YERPUN - MONTESORI - Talla 10,34010,,,CL,,,,,,,True,True,100,14500,10,,
var_103_5,prod_103,Polerón - YERPUN - MONTESORI - Talla 12,34012,,,CL,,,,,,,True,True,100,14500,12,,
var_103_6,prod_103,Polerón - YERPUN - MONTESORI - Talla 14,34014,,,CL,,,,,,,True,True,100,15500,14,,
var_103_7,prod_103,Polerón - YERPUN - MONTESORI - Talla 16,34016,,,CL,,,,,,,True,True,100,15500,16,,
var_103_8,prod_103,Polerón - YERPUN - MONTESORI - Talla S,34018,,,CL,,,,,,,True,True,100,16800,S,,
var_103_9,prod_103,Polerón - YERPUN - MONTESORI - Talla M,34020,,,CL,,,,,,,True,True,100,16800,M,,
var_103_10,prod_103,Polerón - YERPUN - MONTESORI - Talla L,34022,,,CL,,,,,,,True,True,100,16800,L,,
var_103_11,prod_103,Polerón - YERPUN - MONTESORI - Talla XL,34024,,,CL,,,,,,,True,True,100,17800,XL,,
var_103_12,prod_103,Polerón - YERPUN - MONTESORI - Talla 4,44004,,,CL,,,,,,,True,True,100,12000,4,,
var_103_13,prod_103,Polerón - YERPUN - MONTESORI - Talla 6,44006,,,CL,,,,,,,True,True,100,13500,6,,
var_103_14,prod_103,Polerón - YERPUN - MONTESORI - Talla 8,44008,,,CL,,,,,,,True,True,100,14000,8,,
var_103_15,prod_103,Polerón - YERPUN - MONTESORI - Talla 10,44010,,,CL,,,,,,,True,True,100,14500,10,,
var_103_16,prod_103,Polerón - YERPUN - MONTESORI - Talla 12,44012,,,CL,,,,,,,True,True,100,14500,12,,
var_103_17,prod_103,Polerón - YERPUN - MONTESORI - Talla 14,44014,,,CL,,,,,,,True,True,100,15500,14,,
var_103_18,prod_103,Polerón - YERPUN - MONTESORI - Talla 16,44016,,,CL,,,,,,,True,True,100,15500,16,,
var_103_19,prod_103,Polerón - YERPUN - MONTESORI - Talla S,44018,,,CL,,,,,,,True,True,100,16000,S,,
var_103_20,prod_103,Polerón - YERPUN - MONTESORI - Talla M,44020,,,CL,,,,,,,True,True,100,16800,M,,
var_103_21,prod_103,Polerón - YERPUN - MONTESORI - Talla L,44022,,,CL,,,,,,,True,True,100,16800,L,,
var_103_22,prod_103,Polerón - YERPUN - MONTESORI - Talla XL,44024,,,CL,,,,,,,True,True,100,17800,XL,,
var_104_1,prod_104,Calza Gris - VARIOS COLEGIOS - Talla 4,35004,,,CL,,,,,,,True,True,100,7000,4,,
var_104_2,prod_104,Calza Gris - VARIOS COLEGIOS - Talla 6,35006,,,CL,,,,,,,True,True,100,7500,6,,
var_104_3,prod_104,Calza Gris - VARIOS COLEGIOS - Talla 8,35008,,,CL,,,,,,,True,True,100,7500,8,,
var_104_4,prod_104,Calza Gris - VARIOS COLEGIOS - Talla 10,35010,,,CL,,,,,,,True,True,100,8000,10,,
var_104_5,prod_104,Calza Gris - VARIOS COLEGIOS - Talla 12,35012,,,CL,,,,,,,True,True,100,9100,12,,
var_104_6,prod_104,Calza Gris - VARIOS COLEGIOS - Talla 14,35014,,,CL,,,,,,,True,True,100,9000,14,,
var_104_7,prod_104,Calza Gris - VARIOS COLEGIOS - Talla 16,35016,,,CL,,,,,,,True,True,100,9000,16,,
var_104_8,prod_104,Calza Gris - VARIOS COLEGIOS - Talla S,35018,,,CL,,,,,,,True,True,100,9500,S,,
var_104_9,prod_104,Calza Gris - VARIOS COLEGIOS - Talla M,35020,,,CL,,,,,,,True,True,100,10000,M,,
var_104_10,prod_104,Calza Gris - VARIOS COLEGIOS - Talla L,35022,,,CL,,,,,,,True,True,100,10000,L,,
var_104_11,prod_104,Calza Gris - VARIOS COLEGIOS - Talla XL,35024,,,CL,,,,,,,True,True,100,10000,XL,,
var_104_12,prod_104,Calza Gris - VARIOS COLEGIOS - Talla 4,36004,,,CL,,,,,,,True,True,100,9100,4,,
var_104_13,prod_104,Calza Gris - VARIOS COLEGIOS - Talla 6,36006,,,CL,,,,,,,True,True,100,9600,6,,
var_104_14,prod_104,Calza Gris - VARIOS COLEGIOS - Talla 8,36008,,,CL,,,,,,,True,True,100,10200,8,,
var_104_15,prod_104,Calza Gris - VARIOS COLEGIOS - Talla 10,36010,,,CL,,,,,,,True,True,100,10200,10,,
var_104_16,prod_104,Calza Gris - VARIOS COLEGIOS - Talla 12,36012,,,CL,,,,,,,True,True,100,11300,12,,
var_104_17,prod_104,Calza Gris - VARIOS COLEGIOS - Talla 14,36014,,,CL,,,,,,,True,True,100,12500,14,,
var_104_18,prod_104,Calza Gris - VARIOS COLEGIOS - Talla 16,36016,,,CL,,,,,,,True,True,100,12500,16,,
var_104_19,prod_104,Calza Gris - VARIOS COLEGIOS - Talla S,36018,,,CL,,,,,,,True,True,100,13600,S,,
var_104_20,prod_104,Calza Gris - VARIOS COLEGIOS - Talla M,36020,,,CL,,,,,,,True,True,100,14200,M,,
var_104_21,prod_104,Calza Gris - VARIOS COLEGIOS - Talla L,36022,,,CL,,,,,,,True,True,100,16000,L,,
var_104_22,prod_104,Calza Gris - VARIOS COLEGIOS - Talla XL,36024,,,CL,,,,,,,True,True,100,18000,XL,,
var_105_1,prod_105,Polar - YERPUN - MONTESORI - Talla 4,37004,,,CL,,,,,,,True,True,100,14000,4,,
var_105_2,prod_105,Polar - YERPUN - MONTESORI - Talla 6,37006,,,CL,,,,,,,True,True,100,14000,6,,
var_105_3,prod_105,Polar - YERPUN - MONTESORI - Talla 8,37008,,,CL,,,,,,,True,True,100,14000,8,,
var_105_4,prod_105,Polar - YERPUN - MONTESORI - Talla 10,37010,,,CL,,,,,,,True,True,100,14000,10,,
var_105_5,prod_105,Polar - YERPUN - MONTESORI - Talla 12,37012,,,CL,,,,,,,True,True,100,12000,12,,
var_105_6,prod_105,Polar - YERPUN - MONTESORI - Talla 14,37014,,,CL,,,,,,,True,True,100,14000,14,,
var_105_7,prod_105,Polar - YERPUN - MONTESORI - Talla 16,37016,,,CL,,,,,,,True,True,100,14000,16,,
var_105_8,prod_105,Polar - YERPUN - MONTESORI - Talla S,37018,,,CL,,,,,,,True,True,100,15000,S,,
var_105_9,prod_105,Polar - YERPUN - MONTESORI - Talla M,37020,,,CL,,,,,,,True,True,100,15000,M,,
var_105_10,prod_105,Polar - YERPUN - MONTESORI - Talla L,37022,,,CL,,,,,,,True,True,100,18000,L,,
var_105_11,prod_105,Polar - YERPUN - MONTESORI - Talla XL,37024,,,CL,,,,,,,True,True,100,22000,XL,,
var_105_12,prod_105,Polar - YERPUN - MONTESORI - Talla 4,47004,,,CL,,,,,,,True,True,100,14000,4,,
var_105_13,prod_105,Polar - YERPUN - MONTESORI - Talla 6,47006,,,CL,,,,,,,True,True,100,14000,6,,
var_105_14,prod_105,Polar - YERPUN - MONTESORI - Talla 8,47008,,,CL,,,,,,,True,True,100,14000,8,,
var_105_15,prod_105,Polar - YERPUN - MONTESORI - Talla 10,47010,,,CL,,,,,,,True,True,100,14000,10,,
var_105_16,prod_105,Polar - YERPUN - MONTESORI - Talla 12,47012,,,CL,,,,,,,True,True,100,14000,12,,
var_105_17,prod_105,Polar - YERPUN - MONTESORI - Talla 14,47014,,,CL,,,,,,,True,True,100,14000,14,,
var_105_18,prod_105,Polar - YERPUN - MONTESORI - Talla 16,47016,,,CL,,,,,,,True,True,100,14000,16,,
var_105_19,prod_105,Polar - YERPUN - MONTESORI - Talla S,47018,,,CL,,,,,,,True,True,100,15000,S,,
var_105_20,prod_105,Polar - YERPUN - MONTESORI - Talla M,47020,,,CL,,,,,,,True,True,100,15000,M,,
var_105_21,prod_105,Polar - YERPUN - MONTESORI - Talla L,47022,,,CL,,,,,,,True,True,100,18000,L,,
var_105_22,prod_105,Polar - YERPUN - MONTESORI - Talla XL,47024,,,CL,,,,,,,True,True,100,22000,XL,,
var_106_1,prod_106,Parka - YERPUN - MONTESORI - Talla 4,38004,,,CL,,,,,,,True,True,100,22000,4,,
var_106_2,prod_106,Parka - YERPUN - MONTESORI - Talla 6,38006,,,CL,,,,,,,True,True,100,22000,6,,
var_106_3,prod_106,Parka - YERPUN - MONTESORI - Talla 8,38008,,,CL,,,,,,,True,True,100,24000,8,,
var_106_4,prod_106,Parka - YERPUN - MONTESORI - Talla 10,38010,,,CL,,,,,,,True,True,100,24000,10,,
var_106_5,prod_106,Parka - YERPUN - MONTESORI - Talla 12,38012,,,CL,,,,,,,True,True,100,24000,12,,
var_106_6,prod_106,Parka - YERPUN - MONTESORI - Talla 14,38014,,,CL,,,,,,,True,True,100,26000,14,,
var_106_7,prod_106,Parka - YERPUN - MONTESORI - Talla 16,38016,,,CL,,,,,,,True,True,100,26000,16,,
var_106_8,prod_106,Parka - YERPUN - MONTESORI - Talla S,38018,,,CL,,,,,,,True,True,100,27000,S,,
var_106_9,prod_106,Parka - YERPUN - MONTESORI - Talla M,38020,,,CL,,,,,,,True,True,100,27000,M,,
var_106_10,prod_106,Parka - YERPUN - MONTESORI - Talla L,38022,,,CL,,,,,,,True,True,100,28000,L,,
var_106_11,prod_106,Parka - YERPUN - MONTESORI - Talla XL,38024,,,CL,,,,,,,True,True,100,28000,XL,,
var_106_12,prod_106,Parka - YERPUN - MONTESORI - Talla 4,48004,,,CL,,,,,,,True,True,100,22000,4,,
var_106_13,prod_106,Parka - YERPUN - MONTESORI - Talla 6,48006,,,CL,,,,,,,True,True,100,22000,6,,
var_106_14,prod_106,Parka - YERPUN - MONTESORI - Talla 8,48008,,,CL,,,,,,,True,True,100,24000,8,,
var_106_15,prod_106,Parka - YERPUN - MONTESORI - Talla 10,48010,,,CL,,,,,,,True,True,100,24000,10,,
var_106_16,prod_106,Parka - YERPUN - MONTESORI - Talla 12,48012,,,CL,,,,,,,True,True,100,24000,12,,
var_106_17,prod_106,Parka - YERPUN - MONTESORI - Talla 14,48014,,,CL,,,,,,,True,True,100,26000,14,,
var_106_18,prod_106,Parka - YERPUN - MONTESORI - Talla 16,48016,,,CL,,,,,,,True,True,100,26000,16,,
var_106_19,prod_106,Parka - YERPUN - MONTESORI - Talla S,48018,,,CL,,,,,,,True,True,100,27000,S,,
var_106_20,prod_106,Parka - YERPUN - MONTESORI - Talla M,48020,,,CL,,,,,,,True,True,100,27000,M,,
var_106_21,prod_106,Parka - YERPUN - MONTESORI - Talla L,48022,,,CL,,,,,,,True,True,100,28000,L,,
var_106_22,prod_106,Parka - YERPUN - MONTESORI - Talla XL,48024,,,CL,,,,,,,True,True,100,28000,XL,,
var_107_1,prod_107,Pan - VARIOS COLEGIOS - Talla 6,43006,,,CL,,,,,,,True,True,100,6000,6,,
var_107_2,prod_107,Pan - VARIOS COLEGIOS - Talla 16,43016,,,CL,,,,,,,True,True,100,14500,16,,
var_107_3,prod_107,Pan - VARIOS COLEGIOS - Talla S,43018,,,CL,,,,,,,True,True,100,7000,S,,
var_107_4,prod_107,Pan - VARIOS COLEGIOS - Talla M,43020,,,CL,,,,,,,True,True,100,7000,M,,
var_107_5,prod_107,Pan - VARIOS COLEGIOS - Talla L,43022,,,CL,,,,,,,True,True,100,7000,L,,
var_108_1,prod_108,Falda - VARIOS COLEGIOS - Talla 4,58004,,,CL,,,,,,,True,True,100,16500,4,,
var_108_2,prod_108,Falda - VARIOS COLEGIOS - Talla 6,58006,,,CL,,,,,,,True,True,100,17000,6,,
var_108_3,prod_108,Falda - VARIOS COLEGIOS - Talla 8,58008,,,CL,,,,,,,True,True,100,17500,8,,
var_108_4,prod_108,Falda - VARIOS COLEGIOS - Talla 10,58010,,,CL,,,,,,,True,True,100,17500,10,,
var_108_5,prod_108,Falda - VARIOS COLEGIOS - Talla 12,58012,,,CL,,,,,,,True,True,100,18000,12,,
var_108_6,prod_108,Falda - VARIOS COLEGIOS - Talla 14,58014,,,CL,,,,,,,True,True,100,18000,14,,
var_108_7,prod_108,Falda - VARIOS COLEGIOS - Talla 16,58016,,,CL,,,,,,,True,True,100,18500,16,,
var_108_8,prod_108,Falda - VARIOS COLEGIOS - Talla S,58018,,,CL,,,,,,,True,True,100,18500,S,,
var_108_9,prod_108,Falda - VARIOS COLEGIOS - Talla M,58020,,,CL,,,,,,,True,True,100,19500,M,,
var_108_10,prod_108,Falda - VARIOS COLEGIOS - Talla L,58022,,,CL,,,,,,,True,True,100,20000,L,,
var_108_11,prod_108,Falda - VARIOS COLEGIOS - Talla XL,58024,,,CL,,,,,,,True,True,100,21500,XL,,
var_109_1,prod_109,Delan - VARIOS COLEGIOS - Talla 4,59004,,,CL,,,,,,,True,True,100,12500,4,,
var_109_2,prod_109,Delan - VARIOS COLEGIOS - Talla 6,59006,,,CL,,,,,,,True,True,100,12500,6,,
var_109_3,prod_109,Delan - VARIOS COLEGIOS - Talla 8,59008,,,CL,,,,,,,True,True,100,13000,8,,
var_109_4,prod_109,Delan - VARIOS COLEGIOS - Talla 10,59010,,,CL,,,,,,,True,True,100,13500,10,,
var_109_5,prod_109,Delan - VARIOS COLEGIOS - Talla 12,59012,,,CL,,,,,,,True,True,100,14500,12,,
var_109_6,prod_109,Delan - VARIOS COLEGIOS - Talla 14,59014,,,CL,,,,,,,True,True,100,15000,14,,
var_109_7,prod_109,Delan - VARIOS COLEGIOS - Talla 16,59016,,,CL,,,,,,,True,True,100,16500,16,,
var_109_8,prod_109,Delan - VARIOS COLEGIOS - Talla S,59018,,,CL,,,,,,,True,True,100,16500,S,,
var_110_1,prod_110,Delan azul - VARIOS COLEGIOS - Talla 4,59104,,,CL,,,,,,,True,True,100,9000,4,,
var_110_2,prod_110,Delan azul - VARIOS COLEGIOS - Talla 6,59106,,,CL,,,,,,,True,True,100,9500,6,,
var_110_3,prod_110,Delan azul - VARIOS COLEGIOS - Talla 8,59108,,,CL,,,,,,,True,True,100,10500,8,,
var_110_4,prod_110,Delan azul - VARIOS COLEGIOS - Talla 10,59110,,,CL,,,,,,,True,True,100,10000,10,,
var_110_5,prod_110,Delan azul - VARIOS COLEGIOS - Talla 12,59112,,,CL,,,,,,,True,True,100,10000,12,,
var_110_6,prod_110,Delan azul - VARIOS COLEGIOS - Talla 14,59114,,,CL,,,,,,,True,True,100,10500,14,,
var_110_7,prod_110,Delan azul - VARIOS COLEGIOS - Talla 16,59116,,,CL,,,,,,,True,True,100,11000,16,,
var_110_8,prod_110,Delan azul - VARIOS COLEGIOS - Talla S,59118,,,CL,,,,,,,True,True,100,12000,S,,
var_110_9,prod_110,Delan azul - VARIOS COLEGIOS - Talla M,59120,,,CL,,,,,,,True,True,100,12500,M,,
var_110_10,prod_110,Delan azul - VARIOS COLEGIOS - Talla L,59122,,,CL,,,,,,,True,True,100,12500,L,,
var_111_1,prod_111,short - SOLRÍE - Talla 10,87010,,,CL,,,,,,,True,True,100,7500,10,,
var_112_1,prod_112,Calza - SOLRÍE - Talla 2,88002,,,CL,,,,,,,True,True,100,6000,2,,
var_112_2,prod_112,Calza - SOLRÍE - Talla 3,88003,,,CL,,,,,,,True,True,100,6000,3,,
var_113_1,prod_113,calza - SOLRÍE - Talla 4,88004,,,CL,,,,,,,True,True,100,7000,4,,
var_113_2,prod_113,calza - SOLRÍE - Talla 6,88006,,,CL,,,,,,,True,True,100,7000,6,,
var_113_3,prod_113,calza - SOLRÍE - Talla 8,88008,,,CL,,,,,,,True,True,100,7500,8,,
var_113_4,prod_113,calza - SOLRÍE - Talla 10,88010,,,CL,,,,,,,True,True,100,7500,10,,
var_114_1,prod_114,calza larga - SOLRÍE - Talla 2,89002,,,CL,,,,,,,True,True,100,8000,2,,
var_114_2,prod_114,calza larga - SOLRÍE - Talla 3,89003,,,CL,,,,,,,True,True,100,8000,3,,
var_114_3,prod_114,calza larga - SOLRÍE - Talla 4,89004,,,CL,,,,,,,True,True,100,10200,4,,
var_114_4,prod_114,calza larga - SOLRÍE - Talla 6,89006,,,CL,,,,,,,True,True,100,10200,6,,
var_114_5,prod_114,calza larga - SOLRÍE - Talla 8,89008,,,CL,,,,,,,True,True,100,10800,8,,
var_114_6,prod_114,calza larga - SOLRÍE - Talla 10,89010,,,CL,,,,,,,True,True,100,11300,10,,
var_115_1,prod_115,Delan Blanco - VARIOS COLEGIOS - Talla 4,97004,,,CL,,,,,,,True,True,100,12500,4,,
var_115_2,prod_115,Delan Blanco - VARIOS COLEGIOS - Talla 6,97006,,,CL,,,,,,,True,True,100,12500,6,,
var_115_3,prod_115,Delan Blanco - VARIOS COLEGIOS - Talla 8,97008,,,CL,,,,,,,True,True,100,13000,8,,
var_115_4,prod_115,Delan Blanco - VARIOS COLEGIOS - Talla 10,97010,,,CL,,,,,,,True,True,100,13500,10,,
var_115_5,prod_115,Delan Blanco - VARIOS COLEGIOS - Talla 12,97012,,,CL,,,,,,,True,True,100,14500,12,,
var_115_6,prod_115,Delan Blanco - VARIOS COLEGIOS - Talla 14,97014,,,CL,,,,,,,True,True,100,15000,14,,
var_115_7,prod_115,Delan Blanco - VARIOS COLEGIOS - Talla 16,97016,,,CL,,,,,,,True,True,100,16500,16,,
var_115_8,prod_115,Delan Blanco - VARIOS COLEGIOS - Talla S,97018,,,CL,,,,,,,True,True,100,18000,S,,
var_115_9,prod_115,Delan Blanco - VARIOS COLEGIOS - Talla M,97020,,,CL,,,,,,,True,True,100,18000,M,,
var_115_10,prod_115,Delan Blanco - VARIOS COLEGIOS - Talla L,97022,,,CL,,,,,,,True,True,100,18500,L,,
var_115_11,prod_115,Delan Blanco - VARIOS COLEGIOS - Talla XL,97024,,,CL,,,,,,,True,True,100,20500,XL,,
var_115_12,prod_115,Delan Blanco - VARIOS COLEGIOS - Talla XXL,97026,,,CL,,,,,,,True,True,100,21000,XXL,,
var_115_13,prod_115,Delan Blanco - VARIOS COLEGIOS - Talla 38,97038,,,CL,,,,,,,True,True,100,18000,38,,
var_115_14,prod_115,Delan Blanco - VARIOS COLEGIOS - Talla 40,97040,,,CL,,,,,,,True,True,100,18000,40,,
var_115_15,prod_115,Delan Blanco - VARIOS COLEGIOS - Talla 42,97042,,,CL,,,,,,,True,True,100,18500,42,,
var_115_16,prod_115,Delan Blanco - VARIOS COLEGIOS - Talla 44,97044,,,CL,,,,,,,True,True,100,20500,44,,
var_115_17,prod_115,Delan Blanco - VARIOS COLEGIOS - Talla 46,97046,,,CL,,,,,,,True,True,100,20500,46,,
var_115_18,prod_115,Delan Blanco - VARIOS COLEGIOS - Talla 48,97048,,,CL,,,,,,,True,True,100,21000,48,,
var_115_19,prod_115,Delan Blanco - VARIOS COLEGIOS - Talla 50,97050,,,CL,,,,,,,True,True,100,21500,50,,
var_115_20,prod_115,Delan Blanco - VARIOS COLEGIOS - Talla 52,97052,,,CL,,,,,,,True,True,100,22000,52,,
var_116_1,prod_116,co - VARIOS COLEGIOS - Talla 38,98038,,,CL,,,,,,,True,True,100,16500,38,,
var_116_2,prod_116,co - VARIOS COLEGIOS - Talla 40,98040,,,CL,,,,,,,True,True,100,17000,40,,
var_116_3,prod_116,co - VARIOS COLEGIOS - Talla 42,98042,,,CL,,,,,,,True,True,100,18000,42,,
var_116_4,prod_116,co - VARIOS COLEGIOS - Talla 44,98044,,,CL,,,,,,,True,True,100,18500,44,,
var_116_5,prod_116,co - VARIOS COLEGIOS - Talla 46,98046,,,CL,,,,,,,True,True,100,18500,46,,
var_116_6,prod_116,co - VARIOS COLEGIOS - Talla 48,98048,,,CL,,,,,,,True,True,100,20500,48,,
var_116_7,prod_116,co - VARIOS COLEGIOS - Talla 50,98050,,,CL,,,,,,,True,True,100,20500,50,,
var_116_8,prod_116,co - VARIOS COLEGIOS - Talla 52,98052,,,CL,,,,,,,True,True,100,22000,52,,
var_117_1,prod_117,Pan buzo - VARIOS COLEGIOS - Talla 8,3508,,,CL,,,,,,,True,True,100,13500,8,,
var_118_1,prod_118,parkas - VARIOS COLEGIOS - Talla 8,3108,,,CL,,,,,,,True,True,100,32000,8,,
var_119_1,prod_119,Poleras - VARIOS COLEGIOS - Talla 8,3708,,,CL,,,,,,,True,True,100,12000,8,,
var_119_2,prod_119,Poleras - VARIOS COLEGIOS - Talla 8,3808,,,CL,,,,,,,True,True,100,14800,8,,
var_120_1,prod_120,Poleron - VARIOS COLEGIOS - Talla 8,3908,,,CL,,,,,,,True,True,100,15500,8,,
var_121_1,prod_121,poleras - VARIOS COLEGIOS - Talla 8,3909,,,CL,,,,,,,True,True,100,9500,8,,
var_122_1,prod_122,pan buzo - NUEVO HORIZONTE - Talla XXL,4826,,,CL,,,,,,,True,True,100,18000,XXL,,
var_123_1,prod_123,7 - COLEGIO LOS REYES,1234,,,CL,,,,,,,True,True,100,200,Única,,
var_124_1,prod_124,Pan Buzo - COLEGIO LOS REYES - Talla 4,32304,,,CL,,,,,,,True,True,100,12000,4,,
var_124_2,prod_124,Pan Buzo - COLEGIO LOS REYES - Talla 6,32306,,,CL,,,,,,,True,True,100,12500,6,,
var_124_3,prod_124,Pan Buzo - COLEGIO LOS REYES - Talla 16,32316,,,CL,,,,,,,True,True,100,15000,16,,
var_124_4,prod_124,Pan Buzo - COLEGIO LOS REYES - Talla 10,32310,,,CL,,,,,,,True,True,100,13500,10,,
var_124_5,prod_124,Pan Buzo - COLEGIO LOS REYES - Talla 12,32312,,,CL,,,,,,,True,True,100,14000,12,,
var_124_6,prod_124,Pan Buzo - COLEGIO LOS REYES - Talla 14,32314,,,CL,,,,,,,True,True,100,14500,14,,
var_124_7,prod_124,Pan Buzo - COLEGIO LOS REYES - Talla S,32318,,,CL,,,,,,,True,True,100,15500,S,,
var_124_8,prod_124,Pan Buzo - COLEGIO LOS REYES - Talla M,32320,,,CL,,,,,,,True,True,100,16000,M,,
var_124_9,prod_124,Pan Buzo - COLEGIO LOS REYES - Talla L,32322,,,CL,,,,,,,True,True,100,16500,L,,
var_125_1,prod_125,Chaque - COLEGIO LOS REYES - Talla 8,32308,,,CL,,,,,,,True,True,100,13000,8,,
var_125_2,prod_125,Chaque - COLEGIO LOS REYES - Talla 8,32408,,,CL,,,,,,,True,True,100,16000,8,,
var_126_1,prod_126,Pan Buzo - COLEGIO LOS REYES - Talla XL,32324,,,CL,,,,,,,True,True,100,17000,XL,,
var_127_1,prod_127,Chaque - COLEGIO LOS REYES - Talla 4,32404,,,CL,,,,,,,True,True,100,15000,4,,
var_128_1,prod_128,Chaque - COLEGIO LOS REYES - Talla 6,32406,,,CL,,,,,,,True,True,100,15500,6,,
var_128_2,prod_128,Chaque - COLEGIO LOS REYES - Talla 10,32410,,,CL,,,,,,,True,True,100,16500,10,,
var_128_3,prod_128,Chaque - COLEGIO LOS REYES - Talla 12,32412,,,CL,,,,,,,True,True,100,17000,12,,
var_128_4,prod_128,Chaque - COLEGIO LOS REYES - Talla 14,32414,,,CL,,,,,,,True,True,100,17500,14,,
var_128_5,prod_128,Chaque - COLEGIO LOS REYES - Talla 16,32416,,,CL,,,,,,,True,True,100,18000,16,,
var_128_6,prod_128,Chaque - COLEGIO LOS REYES - Talla S,32418,,,CL,,,,,,,True,True,100,18500,S,,
var_128_7,prod_128,Chaque - COLEGIO LOS REYES - Talla M,32420,,,CL,,,,,,,True,True,100,19000,M,,
var_128_8,prod_128,Chaque - COLEGIO LOS REYES - Talla L,32422,,,CL,,,,,,,True,True,100,19500,L,,
var_128_9,prod_128,Chaque - COLEGIO LOS REYES - Talla XL,32424,,,CL,,,,,,,True,True,100,20000,XL,,
var_129_1,prod_129,Poleron azul - COLEGIO LOS REYES - Talla 6,31506,,,CL,,,,,,,True,True,100,17000,6,,
var_129_2,prod_129,Poleron azul - COLEGIO LOS REYES - Talla 6,31508,,,CL,,,,,,,True,True,100,18000,6,,
var_129_3,prod_129,Poleron azul - COLEGIO LOS REYES - Talla 10,31510,,,CL,,,,,,,True,True,100,18500,10,,
var_129_4,prod_129,Poleron azul - COLEGIO LOS REYES - Talla 12,31512,,,CL,,,,,,,True,True,100,19000,12,,
var_129_5,prod_129,Poleron azul - COLEGIO LOS REYES - Talla 14,31514,,,CL,,,,,,,True,True,100,19500,14,,
var_129_6,prod_129,Poleron azul - COLEGIO LOS REYES - Talla 6,31516,,,CL,,,,,,,True,True,100,21000,6,,
var_129_7,prod_129,Poleron azul - COLEGIO LOS REYES - Talla S,31518,,,CL,,,,,,,True,True,100,22500,S,,
var_129_8,prod_129,Poleron azul - COLEGIO LOS REYES - Talla M,31520,,,CL,,,,,,,True,True,100,24000,M,,
var_129_9,prod_129,Poleron azul - COLEGIO LOS REYES - Talla L,31522,,,CL,,,,,,,True,True,100,25500,L,,
var_129_10,prod_129,Poleron azul - COLEGIO LOS REYES - Talla XL,31524,,,CL,,,,,,,True,True,100,27000,XL,,
var_129_11,prod_129,Poleron azul - COLEGIO LOS REYES - Talla XXL,31526,,,CL,,,,,,,True,True,100,28500,XXL,,
var_130_1,prod_130,Pan buzo - COLEGIO LOS REYES - Talla XXXL,32328,,,CL,,,,,,,True,True,100,18000,XXXL,,
var_130_2,prod_130,Pan buzo - COLEGIO LOS REYES - Talla XXL,32326,,,CL,,,,,,,True,True,100,17500,XXL,,
var_131_1,prod_131,jockey - SUEÑOS MAGICOS,7802,,,CL,,,,,,,True,True,100,5500,Única,,
var_132_1,prod_132,Poleras - COLEGIO LOS REYES - Talla 12,31312,,,CL,,,,,,,True,True,100,14000,12,,
var_132_2,prod_132,Poleras - COLEGIO LOS REYES - Talla 14,31314,,,CL,,,,,,,True,True,100,14500,14,,
var_132_3,prod_132,Poleras - COLEGIO LOS REYES - Talla 6,31306,,,CL,,,,,,,True,True,100,12500,6,,
var_132_4,prod_132,Poleras - COLEGIO LOS REYES - Talla 8,31308,,,CL,,,,,,,True,True,100,13000,8,,
var_132_5,prod_132,Poleras - COLEGIO LOS REYES - Talla 10,31310,,,CL,,,,,,,True,True,100,13500,10,,
var_132_6,prod_132,Poleras - COLEGIO LOS REYES - Talla S,31318,,,CL,,,,,,,True,True,100,15500,S,,
var_132_7,prod_132,Poleras - COLEGIO LOS REYES - Talla M,31320,,,CL,,,,,,,True,True,100,16000,M,,
var_132_8,prod_132,Poleras - COLEGIO LOS REYES - Talla L,31322,,,CL,,,,,,,True,True,100,16500,L,,
var_132_9,prod_132,Poleras - COLEGIO LOS REYES - Talla XL,31324,,,CL,,,,,,,True,True,100,17000,XL,,
var_133_1,prod_133,poleras - COLEGIO LOS REYES - Talla 4,31304,,,CL,,,,,,,True,True,100,12000,4,,
var_134_1,prod_134,Polera - COLEGIO LOS REYES - Talla 16,31316,,,CL,,,,,,,True,True,100,15000,16,,
